hash,filename,mergehordesat,mallobhc,mallob,slime,pmcompspsmpi,pmcomspscommpi,paracooba
000a41cdca43be89ed62ea3abf2d0b64,snw_13_9_pre.cnf.xz,28.61,144.05,6.33,37.67,13.81,18.11,45.81
0041051c73dcdd885d412a38e8b09fba,rphp4_065_shuffled.cnf.xz,94.91,60.22,11.34,timeout,84.76,77.23,memout
004b0f451f7d96f6a572e9e76360f51a,spg_420_280.cnf.xz,94.88,93.52,21.83,59.34,78.11,74.97,169.29
0107f34364dfff8ab062193b2c71b4de,sp4-33-bin-nons-flat-noid.cnf.xz,369.44,6.79,9.15,108.99,40.61,35.18,142.30
01135f7a79d555bd0406f00fac22cbe2,SC21_Timetable_C_140_E_29_Cl_10_S_15.cnf.xz,timeout,19.95,timeout,timeout,timeout,timeout,timeout
02223564bd2f5c20768e63cf28c785e3,mp1-squ_ali_s10x10_c39_abio_SAT.cnf.xz,20.85,20.33,3.10,12.57,memout,4.14,32.49
02404a08ea36dd43362bbddc578c839d,ctl_4201_555_unsat.cnf.xz,497.67,51.38,29.52,1111.41,176.73,172.72,memout
0240f5bddc39ad2f0a786c811fc434a8,SC21_Timetable_C_542_E_71_Cl_36_S_35.cnf.xz,388.38,58.58,memout,169.99,252.61,238.90,189.43
03a43a7ea55217f53542ed3f029963af,satch2ways16w.cnf.xz,timeout,18.34,684.89,timeout,timeout,timeout,memout
03ba29d5cb38d345357a74a7b5ccd759,20-100-lambda100-49_sat.cnf.xz,129.98,41.36,38.24,78.05,121.85,112.66,117.05
05e5b5a37a0d7cb5e96c82b84bbdca66,Mycielski-11-hints-3.cnf.xz,280.06,35.76,56.96,326.01,472.80,439.93,437.17
064ba3c61c5f105104edec8305853711,puzzle35_sat.cnf.xz,472.81,87.82,48.56,232.58,1231.22,timeout,memout
068c64314f0f8405bc28bb4c52647145,sokoban-p20.sas.cr.27.cnf.xz,824.80,88.25,94.37,memout,581.51,642.50,timeout
070fde310eca4ddf6967896052efcb30,at-least-two-smtlib-qfbv-aigs-ext_con_032_008_0256-tseitin.cnf.xz,41.10,325.59,8.31,21.47,15.86,memout,memout
07c3cce524e2b85d8315ac4397ef08c4,puzzle47_sat.cnf.xz,timeout,34.67,memout,timeout,timeout,timeout,memout
080896c437245ac25eb6d3ad6df12c4f,bv-term-small-rw_1492.smt2.cnf.xz,5.54,13.61,1.97,7.84,2.54,2.61,0.06
083030713683d8ab8e1d54372f241863,Kakuro-easy-089-ext.xml.hg_4.cnf.xz,memout,5.90,59.93,memout,280.96,memout,183.11
09d8544494e54bc756438e69567b4ba7,mp1-klieber2017s-0300-034-t12.cnf.xz,41.86,10.12,9.17,288.85,76.49,29.84,44.60
0c4355730d11bb18582d00f7266fdf27,puzzle34_unsat.cnf.xz,287.90,573.60,46.14,582.85,1037.62,1236.79,memout
0c75119940f87f2bc1dc3f53aeedc02b,20-100-lambda100-89_sat.cnf.xz,285.59,29.82,60.88,131.49,254.00,281.79,memout
0d4b99f6d05c9e993ea8655d355fa3b3,vlsat2_112_4223.cnf.xz,timeout,16.32,timeout,memout,3936.23,timeout,timeout
0f877a1f984f35fdfdce011cb7152123,bvurem_20.smt2.cnf.xz,timeout,2.10,memout,memout,timeout,timeout,memout
10b460a4da6a4e199e946788a374032b,HCP-470-60.cnf.xz,719.72,751.27,67.82,1279.98,timeout,timeout,memout
115fa7f61704bc12b2373aa471bc434f,Circuit_multiplier24.cnf.xz,291.07,106.41,27.16,43.50,138.38,242.38,memout
116bae11adddfa555f2e21f8ee678de5,randomG-n17-d05.cnf.xz,timeout,24.76,2.28,timeout,626.28,667.79,memout
128fdc03329b57efb97c3cdf6ed7e35d,10pipe_k.cnf.xz,342.28,1.50,memout,1032.88,249.18,289.98,335.44
1335cf5a529c51c86733b20450a41ac1,p01_lb_05.cnf.xz,96.37,32.75,11.14,33.24,25.77,34.64,23.62
13538df69c3bc26707750ba55d90c9b0,blocks-blocks-37-1.130-NOTKNOWN.cnf.xz,196.50,86.17,41.25,808.44,168.93,memout,806.75
135eb593af65aa579aede02fd289a6f9,Mycielski-10-hints-8.cnf.xz,3775.15,217.51,timeout,timeout,timeout,timeout,timeout
139c1262e5901a684005ffad897aa7eb,maximum_constrained_partition_18_bits_n200.cnf.xz,74.77,288.53,17.55,14.67,memout,30.62,36.71
140aa37221467a66d5711b760a19ee0f,ktf_TF-8.tf_4_0.02_37.cnf.xz,timeout,14.82,timeout,timeout,timeout,timeout,timeout
141919813972d24c105018164e96cb1e,edit_distance023_281.cnf.xz,451.20,13.72,68.59,236.63,208.26,273.16,memout
14c33d4be35ed33f2c67498f8334993f,sted5_0x24204-70.cnf.xz,timeout,18.57,timeout,memout,timeout,timeout,memout
1527378fc216e0506bf8b63d0fad56be,randomG-Mix-n18-d05.cnf.xz,timeout,timeout,295.77,timeout,timeout,timeout,timeout
1575dcf4547f5854850b971013683c37,edit_distance007_85.cnf.xz,395.78,1.31,43.77,memout,331.75,323.98,731.39
15ba9eb4b0035fb6ed11a03c7df21870,ktf_TF-6.tf_4_0.04_51.cnf.xz,memout,59.86,memout,memout,timeout,timeout,timeout
166e1e5a9f63fcf94ddae8533fa2a090,mp1-squ_any_s09x07_c27_abix_UNS.cnf.xz,197.26,2.28,26.31,664.59,80.52,78.06,954.54
167b736959aa8c9e5d38409755277a53,vlsat2_56_1042.cnf.xz,timeout,timeout,567.95,timeout,1547.05,timeout,memout
18d4124324b56e434118f9ef72198d84,spg_300_300.cnf.xz,160.93,172.33,36.29,52.18,101.96,72.81,65.57
198f94ece5fdc9536a28afc3063bdcf6,quad_res_r29_m32.cnf.xz,970.64,timeout,timeout,781.54,timeout,timeout,memout
1a3254cb7b54789fdd4d56bfaaa38df7,satch2ways18wu.cnf.xz,timeout,2.08,memout,timeout,timeout,timeout,timeout
1a3320d3cf32f211b3e7b875745713e2,sokoban-p20.sas.cr.21.cnf.xz,148.91,293.58,18.12,365.17,86.94,98.09,394.47
1a3400dc32a3859afb20566a4ded9606,ACG-15-10p1.cnf.xz,162.22,139.00,35.68,245.16,85.19,97.39,446.84
1b8c45c42a818db8f62bcbfd6f52c881,sp5-21-15-bin-stri-tree-noid.cnf.xz,29.31,1.89,9.79,26.02,34.22,14.09,56.93
1bb9929010e0c209f1e59dedba54d9ad,edit_distance023_282.cnf.xz,607.09,timeout,74.89,221.31,298.94,248.01,979.54
1c35c510ad106bfcdbc76ff49e710ce6,ER_500_40_2.apx_0.cnf.xz,147.09,40.61,7.10,163.32,memout,27.26,memout
1ce81dbba1292bf791e194b17aa2a219,satch2ways15u.cnf.xz,1113.65,15.74,129.42,timeout,806.91,1129.82,timeout
1d72814d7329f6d6213a7397ed366fe9,Circuit_multiplier37.cnf.xz,21.45,timeout,2.31,7.12,9.44,7.30,18.22
1dce69ee6685597d6c56e5fd7a47f8e0,SC21_Timetable_C_136_E_41_Cl_9_S_15.cnf.xz,timeout,timeout,timeout,timeout,timeout,timeout,timeout
21fbe69cf7c0b41e205b52d970f9a43a,string_compare_safety_cbmc_unwinding_870.cnf.xz,memout,2.58,192.30,timeout,memout,memout,memout
22505280326ec66ba807b8b4edc48e1a,Circuit_multiplier18.cnf.xz,697.13,46.36,39.96,869.14,474.36,206.28,timeout
2260d28ec773357e73e5ee60aeac0f43,b2005-p1-12x12c10h7-Ser3-0.cnf.xz,timeout,65.89,memout,memout,timeout,timeout,timeout
2285ff99f985f8f926d5159299cc8787,73.smt2.cnf.xz,220.10,timeout,30.18,237.58,140.11,141.58,328.60
22922a96c4bdac643b69069355c5db28,assoc_mult_err_3.c.cnf.xz,73.56,3.70,13.14,99.11,49.70,47.92,memout
22ede342b1973bf82c2c2106616cc8d9,at-least-two-aaai10-planning-ipc5-pipesworld-12-step15.cnf.xz,112.11,56.27,19.16,memout,75.42,memout,198.20
24075575c3dbd9e9eae948dd2241b029,UR-15-10p0.cnf.xz,206.26,1.94,34.35,237.87,113.31,121.09,396.37
25ba6d2b7503d699ee95bf4bcd0864c5,quad_res_r37_m39.cnf.xz,timeout,89.11,memout,timeout,timeout,timeout,memout
25cc054738293c0d9377d7b72b78a341,string_compare_safety_cbmc_unwinding_900.cnf.xz,memout,timeout,225.87,timeout,memout,memout,memout
25cfa39c61494e9e793f6c6a9ec44be3,puzzle51_unsat.cnf.xz,timeout,timeout,timeout,timeout,timeout,timeout,memout
263457bc6aafa3b1f5999bc2ddfe3caf,ktf_TF-4.tf_2_0.02_18.cnf.xz,97.66,timeout,11.90,51.86,35.99,38.44,48.54
273d42b3d97294b660745c7bc632474e,edit_distance025_450.cnf.xz,639.70,6.91,641.17,260.43,1364.42,timeout,240.86
28792301119a25fb8edec6cde91eee21,sokoban-sequential-p145-microban-sequential.070-NOTKNOWN.cnf.xz,429.22,5.89,98.21,271.92,731.34,1113.27,timeout
28aeefb8abe1d29211552650e14e7579,bv-term-small-rw_1294.smt2.cnf.xz,timeout,9.75,memout,timeout,timeout,timeout,memout
2925ee90763e08b2f7e79c7c713c86b9,at-least-two-ibm-2004-23-k100.cnf.xz,380.58,1.47,102.13,191.57,296.75,memout,264.32
29b7d5a498eff7a98fcd03a273eaeba3,Kakuro-easy-132-ext.xml.hg_8.cnf.xz,memout,59.58,memout,586.76,memout,memout,615.05
29e101b66dfddb440e974b9feec5b1aa,spg_200_307.cnf.xz,111.19,28.54,15.82,47.09,58.47,55.64,478.99
2a0b27b48cde394ba99cc0a0e3737fc6,mp1-Nb6T07.cnf.xz,465.96,57.62,38.19,timeout,611.60,469.33,memout
2a0f12ac393b2fb15f0dcc45c00e7434,sum_of_3_cubes_108_bits_52.cnf.xz,timeout,5.72,timeout,timeout,timeout,timeout,timeout
2a6f21741efb8f8abbfdfe30f22ba9f8,Mycielski-11-hints-4.cnf.xz,287.12,11.75,54.23,265.72,431.04,396.27,387.85
2ba50be551d72853ba662e11371b24c1,at-least-two-traffic_b_unsat.cnf.xz,85.58,37.46,21.34,255.15,86.69,memout,254.28
2dd2843e84e1c73b9a3fd45d4f13a2fa,ktf_TF-3.tf_2_0.02_24.cnf.xz,1180.07,8.11,185.64,memout,memout,990.73,memout
30c44e6084a893593d64d500551872cb,Circuit_multiplier34.cnf.xz,138.81,2.29,10.32,82.06,23.20,52.08,21.46
31311e688a1ec28c827c0878786e3c18,puzzle42_sat.cnf.xz,timeout,1.91,325.36,timeout,timeout,timeout,memout
314b63e5b44a2c441e10d197f797e18b,ak032modbtmodbtisc.cnf.xz,173.86,timeout,30.72,timeout,112.27,100.58,1419.75
316e22c7acf697be27514ffda0381ebc,2bitcomp_5.hg_20.cnf.xz,timeout,timeout,timeout,timeout,timeout,memout,timeout
31c4aacd83bfd2aa7a9762a5b463b992,MVD_ADS_S11_7_7.cnf.xz,9.00,15.28,2.11,770.16,timeout,timeout,0.94
31e9cd07f730b20faa7c3d0f1ba2ea2e,b04_s_unknown_pre.cnf.xz,127.01,673.95,23.74,80.39,39.96,42.67,16.20
324b2441c6f1fa9d5f3cf3a4c8447fc7,SC21_Timetable_C_512_E_66_Cl_34_S_35.cnf.xz,timeout,11.33,memout,timeout,timeout,timeout,timeout
32a7129c1bf7922f8cfa7748db5b5268,b2005-p3-14x14c17h9-Ser3-0.cnf.xz,memout,timeout,timeout,timeout,memout,memout,timeout
3334919f6e241ce87c5b91ed90fc0c1c,edit_distance031_284.cnf.xz,190.05,55.19,37.39,timeout,298.06,291.28,memout
334aa882de28856fc8c75885285d2a3c,HCP-446-105.cnf.xz,899.20,75.46,152.39,memout,timeout,timeout,memout
3354c5f91c523cfc42dab6a40129d102,size_5_5_5_i003_r12.cnf.xz,191.52,246.94,timeout,43.25,timeout,timeout,19.56
338bbefd31a527548666d5cee1aadaeb,rpoc_xits_10_UNKNOWN.cnf.xz,memout,timeout,memout,memout,memout,memout,memout
33e82a3b6df2b2b63291775c0133a32f,MVD_ADS_S1_5_5.cnf.xz,14.64,timeout,2.54,954.68,timeout,timeout,0.56
34c4f43536cffc580a87e655b4100332,79.smt2.cnf.xz,timeout,113.99,timeout,timeout,timeout,timeout,timeout
36503f7af8c8352b64ec2104cd2499c5,Circuit_multiplier45.cnf.xz,814.37,9.12,16.32,111.95,598.65,36.05,6.33
36c02f64976f4c45a9e6bfb361d08316,edit_distance031_283.cnf.xz,189.30,6.13,36.76,memout,292.00,275.83,memout
36ffefcf54eb9e407652175766f21d83,b2005-p2-14x14c17h9-Ser5-0.cnf.xz,memout,486.87,timeout,timeout,memout,memout,timeout
375b0bb96005020dea369b22f85ed8f5,shift1add.26949.cnf.xz,156.17,37.63,4.73,29.25,43.61,43.98,13.75
376fa5669a710c95b0b8d4c7a798f9f0,prime_a22_b22.cnf.xz,48.54,5.90,2.08,19.61,4.47,13.35,52.37
3859d592ef722f4f6e6a204a8f7fb30e,20-100-frag12-32_sat.cnf.xz,784.78,4.70,436.37,583.50,timeout,timeout,memout
3a81b9d45f7bdbe5fec702d1f1aa5c12,MVD_ADS_S3_5_5.cnf.xz,11.16,1.50,2.49,994.54,timeout,timeout,0.58
3aef3d8d02941ba7ddb18adc128259ae,php12e12.cnf.xz,timeout,59.57,102.41,timeout,489.29,456.28,memout
3b784f7f6fab6c024647a18855f6edaf,spg_300_301.cnf.xz,100.41,10.38,33.13,83.89,186.16,165.81,287.88
3bdc1cbc7fde3c8f1ca958dc82a75b72,puzzle39_sat.cnf.xz,timeout,18.58,382.43,memout,timeout,timeout,memout
3c15c8fb5153b9d758a9eb16c66adc5d,WS_500_16_70_10.apx_0.cnf.xz,56.89,timeout,2.10,42.12,188.21,60.83,memout
3cff772a004fbdf616a65ec099ec7bd5,b2005-p1-12x12c10h7-Ser4-0.cnf.xz,timeout,80.78,memout,timeout,timeout,timeout,timeout
3d8792b5f559f33ea583a09c33f683b1,puzzle34_sat.cnf.xz,339.07,210.56,49.38,199.73,297.79,1372.54,memout
3dbec93f8c175baca8de46833656c7bf,puzzle36_sat.cnf.xz,710.53,timeout,66.99,311.23,timeout,timeout,144.27
3dd4302478db90092c889a6db40ada5c,sum_of_3_cubes_42_bits_96.cnf.xz,146.40,2.12,7.56,209.02,256.42,167.04,47.00
3e40fa8f358f7cd6fa72f3826d2cc74d,quad_res_r28_m29.cnf.xz,timeout,139.22,memout,timeout,timeout,timeout,memout
3e484a82136768ef3f36517dfdb509d6,Mycielski-10-hints-5.cnf.xz,timeout,timeout,memout,timeout,timeout,timeout,memout
3f9fdded562e5b47d8b3dbcf4271a6ce,Mycielski-10-hints-7.cnf.xz,timeout,timeout,timeout,timeout,timeout,timeout,memout
4106867bc76b8794330a205cf8a303ad,bvsub_19952.smt2.cnf.xz,890.14,8.91,174.22,timeout,662.59,638.78,timeout
41d15591fed06eb2e4e2f9ace5de25e9,ktf_TF-4.tf_4_0.04_35.cnf.xz,849.62,34.29,136.62,memout,557.89,555.50,memout
430ba56a847b87445b66b9df28f14d05,20-100-lambda100-14_sat.cnf.xz,119.13,22.45,27.15,70.21,58.35,79.32,131.38
4513c58c16e72a34f9f8518db7baeb9e,ktf_TF-3.tf_3_0.02_24.cnf.xz,172.81,45.30,23.49,134.46,80.71,95.68,196.23
453e2197c9226f8c99b3a740c7711723,crafted_n12_d6_c3_num18.cnf.xz,471.05,27.37,22.60,321.93,349.56,409.84,258.58
462664d89a909e25001e8861f3310210,20-100-frag12-14_sat.cnf.xz,200.96,93.84,38.29,87.62,108.20,98.41,207.77
47752d6f7fca7e1caae7aa0d0138c067,pb_300_06_lb_02.cnf.xz,204.48,78.22,17.34,49.55,29.16,31.50,173.46
47daef729bd4001c2b485b68a4c2ccb7,mp1-Nb7T44.cnf.xz,54.41,218.88,61.80,78.23,timeout,timeout,6.53
4a6268945652964c9b86b7c15425c0fe,spg_330_400.cnf.xz,206.26,5.91,168.86,101.20,155.96,146.99,360.39
4a669e0b7acaad9901925292aa5aeccd,143.smt2.cnf.xz,timeout,timeout,timeout,memout,timeout,timeout,timeout
4a6a4f1f6c0d5adc639e823d1516ace5,at-least-two-traffic_f_unknown.cnf.xz,107.03,22.77,20.95,281.81,85.93,memout,442.71
4b65652b89a4cf69d9aaeba0aff08ffe,at-least-two-aaai10-planning-ipc5-pathways-17-step20.cnf.xz,162.91,101.68,36.32,memout,228.16,memout,300.41
4ba2c1aa580b6497df6baf5e7e2c87be,at-least-two-vmpc_28.cnf.xz,91.23,63.79,12.32,69.11,51.53,48.24,memout
4bed9fdbef6375a8c390006131d4e29c,sum_of_3_cubes_51_bits_80.cnf.xz,230.19,13.32,timeout,351.05,timeout,1368.88,193.44
4c6e57f5552d546278e192b6e332635a,SE_PR_WS_500_16_70_10.apx_0.cnf.xz,124.59,239.14,11.29,36.02,346.58,347.17,memout
4d4cdde9fb75604e036fa38b786e5e5c,b2005-p2-12x12c10h7-Ser7-0.cnf.xz,memout,7.92,timeout,memout,memout,memout,timeout
4ef35e8c7b387e8c2fff1f552a04e3a2,LABS_n068_goal001.cnf.xz,timeout,38.57,141.83,memout,1215.92,1179.60,1024.46
4fe36c662bbfba878bdc49f70bec1ead,vlsat2_44_545.cnf.xz,timeout,timeout,245.65,timeout,1916.50,timeout,memout
50468d740d0d9cd69c43e4122014d60e,sted6_0x1e3-97.cnf.xz,136.75,timeout,5.91,31.83,49.58,19.55,memout
50d081a4b18eecdd0bc120f634d57a26,randomG-n18-d05.cnf.xz,timeout,15.31,2.28,timeout,timeout,timeout,timeout
51925dbfcd5534b312265098fd439b12,bvsdiv_19.smt2.cnf.xz,924.52,705.86,64.45,timeout,412.76,417.01,1215.49
519ec7e2da48149991957836b84dda06,crafted_n11_d6_c4_num14.cnf.xz,593.69,11.54,36.27,596.14,673.47,memout,534.60
51d9e3f41c95dfe6e1b73a525b8784be,sted2_0x0-343.cnf.xz,339.22,189.43,20.32,34.97,347.46,34.13,179.00
52d591859e2047fa6c804d6424c55c74,satch2ways16.cnf.xz,timeout,10.11,746.52,timeout,timeout,timeout,memout
52d6e2f25ada36c0b802f544b084a140,20-100-lambda100-89_unsat.cnf.xz,261.55,113.47,48.18,301.31,262.00,292.31,memout
53c21f3e78f060883026b5a12ba691d8,maximum_constrained_partition_14_bits_n200.cnf.xz,10.86,1.69,4.10,9.74,10.73,12.11,23.33
54abc3873dfe2570d3f5b7d3b712fa85,14pipe_q0_k.cnf.xz,memout,21.26,140.99,timeout,1055.68,memout,895.65
557d7d4db5399188f62bc39598c6d868,mp1-Nb7T46.cnf.xz,52.98,2.09,15.52,34.09,timeout,timeout,7.14
5584cc467c09d0cab489238275c2b92e,sp5-21-15-one-stri-tree-noid.cnf.xz,15.60,9.13,2.29,13.31,4.00,6.33,137.10
5593b61a1be6e0598236534041e71e74,spg_420_350.cnf.xz,125.85,12.73,49.49,79.48,81.68,81.37,764.61
564a68fffd2affabc1586d24a07b6c16,Mycielski-11-hints-2.cnf.xz,281.58,41.81,79.67,311.21,502.84,483.85,393.32
5696ebc151f271257ba3a98782667932,string_compare_safety_cbmc_unwinding_780.cnf.xz,memout,35.36,182.11,timeout,memout,memout,memout
57ed70b2b94469babf71c5ee4290800e,edit_distance025_448.cnf.xz,647.76,timeout,272.34,211.78,timeout,timeout,memout
587ac25d93492c61eebb72cb258ba173,mp1-blockpuzzle_5x10_s5_free3.cnf.xz,144.15,16.11,8.55,82.53,39.17,memout,memout
58c58e6d9e00166bbeb845cd8d1f7ea8,b2005-p4-14x14c17h9-Ser8-0.cnf.xz,memout,timeout,memout,timeout,memout,memout,memout
594129eb92220cd847e7073b03840458,9dlx_vliw_at_b_iq5.cnf.xz,424.63,35.52,40.45,806.47,250.83,341.22,224.78
5952b9f18b73dabb531c60e3ac85d26f,ctl_4291_567_9_unsat.cnf.xz,349.00,43.47,17.13,767.03,129.73,126.85,663.99
59753830b55e81ed5e8a59609fdd4305,b2005-p5-12x12c10h7-Ser5-0.cnf.xz,timeout,114.48,timeout,timeout,timeout,timeout,memout
5a7042323ef6e8a5c06845289e668def,sted1_0x0-637.cnf.xz,447.78,258.38,58.79,213.95,480.85,449.77,memout
5a9ce84a8725164c40c90d2eb420bad9,sted5_0x0_n90-157.cnf.xz,103.30,2.27,53.46,84.83,69.11,28.84,memout
5b4b384351127c913bd3941bc63f790f,quad_res_r35_m36.cnf.xz,timeout,56.60,timeout,memout,timeout,timeout,memout
5bc585c5aaba7f9f8faae4cfd1e6b5e8,sted4_0x0_n159-185.cnf.xz,317.76,21.38,44.78,95.87,338.86,290.91,memout
5c34b6844ed6a3fc57dccfc414af2851,SC21_Timetable_C_136_E_36_Cl_9_S_15.cnf.xz,timeout,24.39,timeout,timeout,timeout,timeout,timeout
5cd4201889cc2a8764ee86def29d8ffa,UCG-20-10p1-sc2009.cnf.xz,227.32,1.68,48.07,721.21,125.73,222.50,487.33
5e933a625099cc1ec6a8299a7848a2ae,Kakuro-easy-112-ext.xml.hg_7.cnf.xz,memout,79.85,51.68,291.75,memout,memout,218.57
5ea9d54e4eb8eeab1ff058471b9c83ca,sp4-33-one-nons-flat-noid.cnf.xz,5.90,11.60,2.48,1.21,2.54,3.17,26.45
5ee05ef0bcb42cb12bd698978c05178c,mp1-bsat201-707.cnf.xz,memout,1.51,11.93,363.93,169.20,119.87,1156.26
5f0edef6cc45f7e7157c4b3dee4cb88a,string_compare_safety_cbmc_unwinding_630.cnf.xz,memout,timeout,116.87,timeout,memout,memout,timeout
5f46b414cc65b2e992e59f49d1f02be1,satch2ways12wu.cnf.xz,64.33,5.11,6.91,27.09,26.24,23.71,92.43
5fb0d1f02c02c6a7fb485707b637d7e4,bvsub_12973.smt2.cnf.xz,497.56,timeout,78.80,memout,351.87,340.65,memout
603a2d6f8962be577c6609e70296b8ee,string_compare_safety_cbmc_unwinding_940.cnf.xz,memout,57.77,218.67,timeout,memout,memout,memout
606bd8b9c178c8445d8c3fc413d46885,mp1-klieber2017s-1000-024-eq.cnf.xz,52.32,35.50,10.33,timeout,43.95,59.66,memout
60e3c2ba930b94c6b300ceeaf0ea5831,20-100-frag12-0_sat.cnf.xz,266.08,2.29,82.22,159.72,207.16,137.66,89.32
613be3fce8fa3e517d10e292f0a2542d,string_compare_safety_cbmc_unwinding_690.cnf.xz,memout,6.91,154.16,memout,memout,memout,memout
6221b4044bdfe3bf23f4c3390852767c,mp1-klieber2017s-1000-023-eq.cnf.xz,58.37,127.23,20.93,timeout,69.95,91.42,memout
62269a9d08e3592f3fd7e2c8af1e3fe9,pb_300_10_lb_06.cnf.xz,112.45,36.51,9.93,75.73,55.84,51.20,49.38
62608c18d84e69d2b71f0048f6cb80be,ex045_7.cnf.xz,memout,38.78,828.80,417.67,memout,memout,872.41
65138afdf7eb054be5131f2b0de84369,satch2ways12u.cnf.xz,63.73,903.63,5.70,55.63,26.19,27.54,54.38
6598c721af124c67457841260ea66462,MVD_ADS_S7_6_6.cnf.xz,11.19,1.07,3.25,1132.44,timeout,timeout,1.75
65a5bf7228eb1d89159bc7aa431931b9,puzzle44_unsat.cnf.xz,timeout,444.36,243.76,timeout,timeout,timeout,memout
65ff91568676064c74212779c46f6943,rphp4_080_shuffled.cnf.xz,308.63,4.92,17.53,memout,171.85,177.27,memout
66ab346df72c5effa292342037bc3909,snw_13_8_pre.cnf.xz,560.43,74.02,40.99,memout,412.06,399.78,timeout
67133027ab55906e3b757148ca7011dd,snw_16_9_Encpre.cnf.xz,594.80,20.03,12.14,787.62,797.41,716.20,timeout
67527c9e506ffa65596f017547164a49,dist10.c.cnf.xz,172.08,29.18,17.91,209.56,99.18,102.33,memout
67df7bd97e841395a4c75281423986cf,ktf_TF-6.tf_4_0.06_77.cnf.xz,103.29,timeout,4.70,105.23,874.57,700.57,54.41
68cd50e5bfe00ca94867aa0dcf44055c,satch2ways15wu.cnf.xz,1153.60,15.39,124.73,timeout,900.58,1020.14,timeout
68dc114bb8e479d8cc81faed8b2fceb5,Kakuro-easy-156-ext.xml.hg_7.cnf.xz,memout,9.14,121.07,264.64,memout,memout,206.50
6928072ce36429a1c094d89d333488a6,erin2_0x0-379.cnf.xz,150.07,memout,11.70,51.94,107.22,20.24,memout
69b0601bae0398d5a96942f725708fc3,20-100-p100-55_unsat.cnf.xz,727.31,4.53,98.63,timeout,1154.21,timeout,memout
6a3cc897a1b02977a34988536d887280,sted12a_0x1e1-67.cnf.xz,64.25,68.59,32.36,15.02,6.78,42.05,89.67
6b1d903a4f4178e0b3bb7dc2c8a98be6,puzzle37_unsat.cnf.xz,timeout,timeout,81.38,860.79,timeout,timeout,memout
6b4c426e44beb04af5cfe1c84a6390fb,Circuit_multiplier33.cnf.xz,36.14,1.30,6.23,23.42,memout,18.52,14.64
6b6dd0a8429c4ac10d5a662f8d3fed95,HCP-446-60.cnf.xz,473.24,6.90,46.48,247.28,696.21,775.23,memout
6c34b7032712e16b08d97a0449d610e2,puzzle30_sat.cnf.xz,150.22,41.79,32.36,140.15,277.61,535.45,16.06
6d2916a0453dcc757ce187fe29c863aa,blocks-blocks-37-1.120-NOTKNOWN.cnf.xz,111.51,50.36,27.40,283.07,94.53,memout,97.66
6e297bdb1c3f957f6333c37804805ecb,spg_200_301.cnf.xz,86.12,29.60,17.88,43.47,57.66,44.06,57.48
6fbed10d0ff5bea497d26c08ad2f8009,scc_1213_40_10_3.apx_0.cnf.xz,1183.80,5.70,6.22,304.28,1159.96,1014.97,28.04
7029fb4ec7af44f5962539a33e55645e,bvsub_08985.smt2.cnf.xz,493.26,4.56,41.55,720.35,memout,185.73,528.57
7042dbc5432e4d78f81ec4041e10a387,mp1-blockpuzzle_9x9_s1_free8.cnf.xz,256.49,1.67,5.91,136.30,185.29,170.23,681.07
7083b70c1976162e2693d7a493717ffd,battleship-14-26-sat.cnf.xz,43.90,13.54,1.40,1.12,2.52,4.05,17.63
70903c09156674cc1b0c35794cfe3d06,20-100-lambda100-14_unsat.cnf.xz,91.18,8.93,21.55,72.72,48.15,53.14,96.37
715f24a25c666b1a4c9991b16b880ea6,HCP-506-60.cnf.xz,182.62,15.32,154.63,92.13,410.39,369.30,53.74
71f0b3190b8b37d31e4e800e749336da,quad_res_r34_m36.cnf.xz,timeout,timeout,timeout,memout,timeout,timeout,memout
747955bb7addf0fb6fe4d465a9cbd035,randomG-B-Mix-n15-d05.cnf.xz,57.71,4.90,6.30,101.11,27.77,23.94,82.61
74acaa627ddc5fdab40d62172f56a827,snw_13_8_pre-sc2016.cnf.xz,626.92,4.70,39.81,memout,506.88,394.17,memout
772102b16ea3acaf7b516714b146b6ca,13pipe_k.cnf.xz,memout,timeout,234.05,timeout,1117.62,1305.35,1075.27
77a0ff05f77e03cfe3261b41143edaa3,dist4.c.cnf.xz,188.93,3.68,18.12,197.00,88.24,93.93,89.86
77b103479539a71c9fe27ac5333eea89,huck.col.11.cnf.xz,86.44,12.13,2.08,106.99,20.89,15.05,5.37
7853e2d2e64015f2aa08678e5c43a339,vlsat2_702_14170.cnf.xz,memout,11.38,10.73,383.24,timeout,memout,225.25
78b4757f584ac49ad29c072fc02fabb2,ktf_TF-1.tf_4_0.06_101.cnf.xz,48.54,2.11,13.12,5.11,466.93,327.43,26.57
790152d13323c14a7a1f0759ae3b5c28,mp1-bsat210-739.cnf.xz,timeout,3.23,49.56,700.78,222.70,185.26,timeout
79c0df739ce3d7895fc546a69dca4f3e,pb_300_05_lb_16.cnf.xz,250.17,574.07,14.18,65.53,70.55,75.12,113.84
79d2eae74f2b790d821578d9b7f675c0,Mycielski-10-hints-6.cnf.xz,timeout,180.01,memout,memout,timeout,timeout,memout
7a044c997ede14d00002f1db39d45170,sum_of_3_cubes_37_bits_87.cnf.xz,377.05,87.07,18.32,308.12,125.20,40.30,118.20
7ad04c4bd69b985c6568ecb0e49e0c59,ktf_TF-8.tf_4_0.06_109.cnf.xz,117.42,18.60,19.25,139.88,timeout,timeout,19.39
7adc1ade3384505af00ff8f7be23f5bd,ex175_20.cnf.xz,memout,52.76,142.00,448.83,memout,memout,522.46
7c701181500b379f02aa3e050d6f5144,MVD_ADS_S6_6_6.cnf.xz,11.16,56.59,4.22,884.82,timeout,timeout,1.69
7df8389c5b329a2e118a50a94c254e7d,blocks-blocks-36-0.180-SAT.cnf.xz,memout,timeout,31.82,238.56,55.62,memout,233.19
7e36c51e4ba07b5d291864732d105a36,Mycielski-10-hints-9.cnf.xz,765.07,16.54,timeout,memout,3478.01,timeout,memout
7eb9c20f8abef093eeb2bcd69e709b95,string_compare_safety_cbmc_unwinding_600.cnf.xz,memout,11.21,119.28,timeout,memout,memout,memout
7ecf9c45c29d706fd0020fbf177e6809,Mycielski-10-hints-10.cnf.xz,65.44,timeout,17.77,71.00,82.25,90.22,101.44
7efdf72de31fa82aeceb7acbc29a59bf,vlsat2_113_1150.cnf.xz,25.01,timeout,3.08,10.01,15.60,50.65,50.62
7f3b49026cf0ec9d2d76b0d9b2c61f8e,HCP-424-60.cnf.xz,573.20,5.11,62.97,235.42,620.02,594.77,187.83
81392be4e5fc7aa2232c1f460321e0c6,string_compare_safety_cbmc_unwinding_680.cnf.xz,memout,32.83,144.72,timeout,memout,memout,memout
8175dacde2d6517a91c1912847a34006,IBM_FV_2004_rule_batch_30_SAT_dat.k75.cnf.xz,144.05,32.18,48.51,36.67,60.62,79.60,225.38
81bced94e5f672f0bb0bab7dd298d11c,toughsat_factoring_895s.cnf.xz,81.33,10.33,4.50,18.41,4.40,4.64,24.19
8226a866770c4e3da127e54ca0dbd496,SC21_Timetable_C_466_E_62_Cl_31_S_30.cnf.xz,501.23,134.24,timeout,127.95,464.79,453.08,memout
82468689404a6a420a2947500c7c4787,Circuit_multiplier36.cnf.xz,222.91,46.64,118.02,562.21,126.55,427.04,memout
82c08db7bcd7fabf2b08e8f10937af3e,bvsmod_18.smt2.cnf.xz,timeout,39.02,145.07,timeout,timeout,timeout,memout
82cad197a0b7919f1f51ec51f7267e6f,ex095_8.cnf.xz,memout,93.37,447.55,timeout,memout,memout,timeout
8390dca257561c53bf4eb6e158a2285f,mp1-klieber2017s-0490-024-t12.cnf.xz,40.22,27.75,6.69,13.35,18.59,7.35,79.50
85088d2b8de94d088631498f619c1bd6,sum_of_3_cubes_52_bits_39.cnf.xz,timeout,timeout,memout,timeout,timeout,timeout,timeout
85ba26d796de9ad740ce5a6813488fbc,sted2_0x1e3-216.cnf.xz,102.42,124.82,39.16,47.10,202.37,75.03,memout
86173292a2c6a506acf27a81db853bb5,ktf_TF-7.tf_3_0.06_113.cnf.xz,56.79,2.15,5.14,8.18,15.83,19.10,13.46
86f1d4b3e7609f8a9ce8ac2a0a7aaa96,size_5_5_5_i223_r12.cnf.xz,80.85,15.91,45.21,50.63,206.72,201.69,54.71
872d022f6406e00933b831ffd05e26a0,b2005-p4-12x12c10h7-Ser3-0.cnf.xz,timeout,8.31,memout,timeout,timeout,timeout,timeout
872eecaa7109fe1e31a510c903e9f877,ak128paralparalisc.cnf.xz,584.54,7.89,374.34,timeout,1138.56,timeout,timeout
8833e4051c5a45aa3d704469f9f20908,MVD_ADS_S10_6_6.cnf.xz,9.36,timeout,2.43,338.06,2048.84,timeout,1.88
887e8caf9138890d880c6f7f70474994,at-least-two-sokoban-sequential-p145-microban-sequential.030-NOTKNOWN.cnf.xz,117.13,5.99,25.02,501.50,55.58,memout,527.75
889f6aa7fd1664a350683f3de5f6a647,sp5-21-15-bin-stri-flat-noid.cnf.xz,31.82,27.50,4.72,8.83,4.63,3.33,memout
88a3bb7820b1ca7f189765bb1208f34a,HCP-470-420.cnf.xz,817.43,109.01,150.11,memout,2394.73,timeout,1003.05
8932cf87c4dfe7aeab8b3ca55eebee64,MVD_ADS_S5_6_6.cnf.xz,11.06,13.21,3.51,709.42,3548.70,4579.62,2.29
89656622f153983b0415cef2aadaadee,sp5-26-19-una-nons-tree-noid.cnf.xz,79.50,5.13,8.80,189.67,758.40,19.41,159.64
89a3094a7829d3b9564944beaa931645,spg_200_300.cnf.xz,110.38,2.12,200.31,108.47,105.50,97.49,373.56
89b778a6b654bd3107b4fc10b3a0fdee,stb_531_83.apx_0.cnf.xz,83.96,4.91,2.29,61.35,12.62,4.15,12.12
8aa8fac9f1e094ea4c30a40450c04c3a,sokoban-p16.sas.ex.19-sc2016.cnf.xz,memout,27.98,timeout,memout,memout,memout,memout
8ab56bb3b674e4afae5a61b2bf3a747a,satch2ways15.cnf.xz,timeout,1.90,106.63,timeout,875.10,1182.14,438.95
8b505c40281af4d91b4fe7ccd717be9a,spg_400_281.cnf.xz,107.40,timeout,30.30,84.09,129.35,133.23,58.86
8ba338c1cc39e717d6dd4f2bdbc3fb83,at-least-two-hwmcc10-timeframe-expansion-k50-pdtviseisenberg2-tseitin.cnf.xz,167.33,959.82,27.21,memout,293.50,memout,335.06
8bf857909f1117a9e29a4788bf77d485,ctl_4291_567_11_unsat.cnf.xz,timeout,93.65,73.06,timeout,431.96,388.06,memout
8d0d8d3bf320c710d2691ff31032dc01,sum_of_3_cubes_145_bits_74.cnf.xz,timeout,memout,memout,timeout,timeout,timeout,memout
8e27e1a8a840eb474fe3f07108bcf4c5,SC21_Timetable_C_181_E_34_Cl_12_S_4.cnf.xz,timeout,83.42,timeout,timeout,timeout,timeout,timeout
90fda6e7338d52aeb796636fde412daf,battleship-12-12-unsat.cnf.xz,132.27,24.52,8.32,177.62,38.38,35.12,254.72
912b89dd471295d3c72c66d0192dff72,randomG-B-Mix-n18-d05.cnf.xz,timeout,1.89,690.91,timeout,timeout,timeout,memout
916e8027cafecc698ed5404a005bc69f,SC21_Timetable_C_557_E_73_Cl_37_S_35.cnf.xz,702.33,679.51,timeout,261.68,timeout,1294.29,196.39
91e0db01b254eb78f6643328045bfeb9,sted5_0x1e3-20.cnf.xz,timeout,15.37,timeout,196.74,timeout,timeout,memout
942f082cc964537c8a03a8a926ea6c4a,crafted_n12_d6_c4_num17.cnf.xz,memout,78.82,32.36,437.96,760.57,memout,202.00
951a20a37a23488001f3aa2fa53e6baa,randomG-n16-d05.cnf.xz,285.82,638.15,2.33,710.20,108.14,99.55,timeout
9754fc1acf450ee2ed2083a211cfa487,stb_792_333.apx_0.cnf.xz,66.14,timeout,5.52,283.53,89.85,10.13,memout
977dad9d1bfc9de725a4bbf65b407c77,MVD_ADS_S11_6_7.cnf.xz,9.57,timeout,2.25,765.98,timeout,timeout,0.88
97f2d368a05228364b444ce71c1a5a24,sp5-21-15-una-stri-flat-noid.cnf.xz,21.66,5.12,4.49,16.60,6.25,14.01,41.54
9862d27fe2528635f363e0f7645b2c53,Circuit_multiplier53.cnf.xz,441.72,116.23,152.27,667.15,timeout,1335.35,memout
99ec9d5e50f24301638101b2a7dba6e0,sum_of_3_cubes_76_bits_84.cnf.xz,timeout,7.30,timeout,memout,timeout,timeout,timeout
99f78e77c6b2198f95424cee8234557d,toughsat_factoring_426s.cnf.xz,10.91,73.98,4.89,8.43,9.69,10.06,10.35
9a296539e33398c9ae36663371a63b39,randomG-Mix-n17-d05.cnf.xz,timeout,timeout,54.17,timeout,280.66,281.54,timeout
9a910a91c04c8626904f860e09aa74a3,mp1-klieber2017s-2000-022-eq.cnf.xz,97.48,2.10,33.13,755.71,574.22,756.51,memout
9b81119141db098dd4bfb24a1d244e68,Kakuro-easy-051-ext.xml.hg_4.cnf.xz,809.78,5.23,196.50,719.70,579.69,781.08,1212.95
9bd299393602718a39efb1dd62fbe1a3,UR-20-5p1.cnf.xz,164.70,7.50,38.99,197.39,121.90,130.42,587.54
9c2e734d6c0faeef8a89aa84436fc42d,satch2ways19u.cnf.xz,timeout,2.27,memout,timeout,timeout,timeout,timeout
9c4892c9ac4e9f5d83d33b5210e7af4e,MVD_ADS_S6_6_5.cnf.xz,7.63,15.52,1.89,75.46,275.67,254.68,0.54
9ccbe08418189ca1e7ee284564359d4d,LABS_n089_goal008.cnf.xz,370.61,timeout,192.91,283.75,99.69,207.80,103.35
9da32436de386f3b4f8e6ec1db552349,HCP-529-420.cnf.xz,190.14,37.57,98.02,88.46,249.22,memout,75.33
9dd246543ae101f829b5cfc226473675,vlsat2_29736_3780419.dimacs.cnf.xz,88.69,213.55,3.82,53.30,timeout,timeout,390.14
9e35558ea8ffba630cd8c8f90e14af14,string_compare_safety_cbmc_unwinding_730.cnf.xz,memout,timeout,152.22,memout,memout,memout,990.85
9e469bffc3f862d6321d84a4ef83969c,edit_distance019_312.cnf.xz,timeout,158.29,timeout,269.64,timeout,timeout,1314.69
9ea8deb8313d93e60743638909f37d6c,Circuit_multiplier29.cnf.xz,730.41,58.59,85.39,203.82,180.60,203.60,794.37
9ef9243ff051b32795890fccd6c3f6b2,sum_of_3_cubes_50_bits_91.cnf.xz,11.23,55.09,8.32,74.51,437.95,668.94,34.57
a03f5d0ac480bfab4b9415ba77c0354c,b2005-p2-14x14c17h9-Ser6-0.cnf.xz,memout,24.34,timeout,timeout,memout,memout,timeout
a04892664f2c13d2c191eb87ddc5405b,sted3_0x0_n201-239.cnf.xz,186.49,5.91,61.45,74.61,363.71,97.22,107.74
a0585897e79756b9624673592d13ee06,spg_200_317.cnf.xz,97.45,16.81,35.04,66.70,129.51,128.74,timeout
a1ec978756e656638b7e34cef5ecaf6d,quad_res_r26_m27.cnf.xz,timeout,timeout,timeout,memout,timeout,timeout,memout
a25ab09df5485a3d91089a08def4921e,b2005-p3-12x12c10h7-Ser7-0.cnf.xz,memout,136.39,timeout,memout,timeout,timeout,memout
a3d7585b12914a97d9c11d65897194b9,20-100-lambda100-47_unsat.cnf.xz,320.84,6.10,52.78,535.45,213.96,202.68,442.38
a3eaa99154b0f1668f8593264e6e304d,MVD_ADS_S11_8_7.cnf.xz,9.10,3.30,2.44,845.69,4268.64,timeout,0.95
a45d7a611305683a8db8c385ac7cee31,vlsat2_11_26.cnf.xz,timeout,2.91,167.45,memout,1089.81,971.92,memout
a4aa9ccc565c5cde0cfb5dfd9f4deaf4,Kakuro-easy-127-ext.xml.hg_7.cnf.xz,memout,24.59,memout,351.31,memout,memout,523.68
a517589810ff3ef5308a694957939bea,spg_200_321.cnf.xz,132.45,1.91,19.66,39.77,67.97,64.35,47.46
a7aac5c83f236fd8b3de3275e3f5499d,edit_distance041_183.cnf.xz,78.84,103.03,14.32,168.88,71.41,60.60,275.45
a7dc4646f1472f466a2c33340eb24bd5,sokoban-p20.sas.ex.13.cnf.xz,memout,51.58,232.81,timeout,memout,memout,memout
a899e769ba329f5f952a38973adc0262,satch2ways13wu.cnf.xz,167.74,2.32,12.90,88.07,90.59,96.04,391.42
a8b6af92314b321b3614ded2da24b2dd,ecarev-110-4099-22-30-4.cnf.xz,timeout,timeout,386.64,455.31,276.04,278.29,429.48
a8c50e130aa5eb28d4b66b205a9d718a,mp1-blockpuzzle_9x9_s5_free3.cnf.xz,240.46,timeout,19.54,89.53,84.38,119.96,memout
a8c6f24ce9bc4ae6953763a82835e2d4,quad_res_r31_m35.cnf.xz,timeout,17.53,memout,memout,timeout,timeout,memout
a97d498dd69d346aad64f3809b5ff160,quad_res_r32_m35.cnf.xz,timeout,timeout,timeout,timeout,timeout,timeout,memout
a9c0f64594a3eaede246b31eb3bc839b,mp1-Nb6T06.cnf.xz,31.09,2.00,7.53,73.18,10.89,10.35,30.43
aa09403249f021450cc798cc560a14a3,prime_a20_b20.cnf.xz,11.25,21.13,2.09,11.39,4.94,memout,14.94
aa1061e9becd2894b95cac19ea1ca72a,test_v7_r12_vr1_c1_s10576.smt2.cnf.xz,345.87,11.56,73.49,276.37,142.23,154.33,162.03
aa296db0e5a58249734a370ef5eee0cd,at-least-two-traffic_pcb_unknown.cnf.xz,111.57,9.31,21.45,266.55,84.01,memout,273.67
aa6994af851710b3d1f485e87ba99f84,Nb51T6.cnf.xz,memout,600.75,107.02,timeout,memout,memout,timeout
aad5bbe8920c5afc84068bb1da27ee8f,LABS_n041_goal003.cnf.xz,67.87,56.00,17.21,115.98,19.92,16.62,23.84
ac3e3bb744e258282990aa4307c08cb8,E00X23.cnf.xz,442.33,129.47,164.10,memout,timeout,timeout,memout
ac6256657058fe65dc7ddaf773ab83bf,SC21_Timetable_C_527_E_71_Cl_35_S_35.cnf.xz,352.60,208.92,160.79,155.75,114.53,137.49,181.99
ac909ca2e27006f71389b6afa605f4be,randomG-B-Mix-n19-d05.cnf.xz,timeout,2.31,memout,memout,timeout,timeout,timeout
ae172b720ce980b1ec5337bfd7d5a8ff,LABS_n072_goal006.cnf.xz,348.10,17.93,64.65,221.61,44.20,20.23,160.44
ae17bcd042e6140aa72a2cd9f4c42b9c,vlsat2_37758_5364539.dimacs.cnf.xz,125.47,2.31,5.68,169.28,3576.97,timeout,timeout
af0b8f58d67dcf639232ac978defe6e3,sted1_0x1e3-393.cnf.xz,940.93,21.28,46.43,60.47,635.96,673.61,memout
afaee41956622725cf3bb98db6ff9bbb,SC21_Timetable_C_241_E_34_Cl_16_S_13.cnf.xz,memout,timeout,memout,timeout,timeout,timeout,timeout
b023ea0eb9adbd9182c01d7e2d443289,mp1-tri_ali_s11_c35_bail_UNS.cnf.xz,45.98,48.20,7.94,95.69,28.72,24.25,138.48
b1770a04ee8e33b42f589e31da819ad5,bvsmod_19.smt2.cnf.xz,timeout,324.05,352.08,timeout,timeout,timeout,memout
b2c92aebc75da8a15a5388b559b85623,sp4-33-una-stri-flat-noid.cnf.xz,358.91,21.23,8.93,115.59,58.25,47.35,221.83
b3cf73d0383f781adf09a2192fa03a15,string_compare_safety_cbmc_unwinding_670.cnf.xz,memout,timeout,132.32,timeout,memout,memout,timeout
b5028686db9bd1073fa09cbd8c805f47,spg_200_316.cnf.xz,139.84,13.84,124.43,52.36,86.47,102.60,49.52
b51ebbe57d4077a5fa43018ff3920588,20-100-frag12-53_sat.cnf.xz,232.92,16.73,memout,145.61,200.63,145.68,99.04
b5c3e33e90f4c95502754c7e2e92a6d2,randomG-B-Mix-n16-d05.cnf.xz,254.74,16.33,19.14,961.56,101.77,87.01,timeout
b63f00e3eccd98dfa7bae6c4e1e0cdd0,at-least-two-maris-s03-gripper11.cnf.xz,83.61,35.18,14.93,60.07,21.68,32.45,memout
b655faa69774192a80d9e2a2bc602ce4,Kakuro-easy-115-ext.xml.hg_5.cnf.xz,memout,8.51,80.98,368.75,memout,memout,370.22
b72179b73f013a009f4bb68c4bf31c8b,Kakuro-easy-104-ext.xml.hg_6.cnf.xz,memout,timeout,44.37,192.26,memout,memout,195.16
b83b05e814486aaedb19da69fb35ece1,satch2ways14u.cnf.xz,418.99,31.56,36.15,209.13,233.98,340.65,1014.31
b88d206fb35ef87bd7ec5d4a1430ae0c,20-100-p100-55_sat.cnf.xz,102.90,timeout,96.61,882.76,335.37,759.57,803.38
b8debf719be5558b319002cc9c2faf18,barman-pfile10-040.sas.ex.15.cnf.xz,117.80,39.96,24.27,memout,timeout,timeout,99.22
b9ed6fd14f4fc969ec966a4b54c36872,n320p5q2_n.apx_16.cnf.xz,19.36,7.31,1.69,20.24,6.50,4.90,16.31
ba5451cace1bb09e2d36b9f34c19146e,ctl_4291_567_6_unsat_pre.cnf.xz,timeout,70.19,233.44,timeout,memout,643.80,memout
bc5b6fdc1a75e144e42d68c0fba444ad,SC21_Timetable_C_181_E_34_Cl_12_S_8.cnf.xz,timeout,6.18,timeout,timeout,timeout,timeout,timeout
bcb2104a3558d87ac3b2107c10d54648,mp1-blockpuzzle_5x12_s6_free3.cnf.xz,271.97,27.94,15.59,172.82,94.36,129.07,memout
bcc62a99a3251d2ffbab83d65f8252a5,crafted_n12_d6_c3_num28.cnf.xz,396.45,158.43,24.14,361.41,380.14,461.52,260.24
bd294be907fd8ca6cbc3f4648bfdc6cd,MVD_ADS_S9_6_6.cnf.xz,9.87,18.12,3.21,716.17,timeout,timeout,2.71
bd9c3ce8c75df3a94eda414514ac5b3a,php14e14.cnf.xz,timeout,101.44,timeout,memout,timeout,timeout,timeout
bdc4dfc5ebf0274dcb18dd236773fcfa,sum_of_3_cubes_94_bits_30.cnf.xz,timeout,23.50,memout,timeout,timeout,timeout,timeout
be6bce96bab9cec47b58b6c68c9a1c89,9dlx_vliw_at_b_iq8.cnf.xz,timeout,39.78,100.31,timeout,885.68,memout,885.49
be6c656f34ba9ada4bb10a2182a6fa88,vlsat2_142_6781.cnf.xz,memout,22.52,timeout,timeout,4348.57,timeout,timeout
bf423e868f17d482233adb880abfb92a,sp5-26-19-bin-stri-flat-noid.cnf.xz,67.91,11.84,8.72,84.56,19.88,180.77,memout
bf86868ef6662a4984e5d5504b01193e,string_compare_safety_cbmc_unwinding_930.cnf.xz,memout,196.05,222.90,timeout,memout,memout,memout
c07b76b106bb3c412377bc2564b93022,Sz512_15128_1.smt2.cnf.xz,265.63,85.80,46.16,105.50,177.20,174.51,61.50
c08b00ee4667b900f38c60ea521be6e7,ktf_TF-3.tf_4_0.04_48.cnf.xz,timeout,81.79,timeout,timeout,timeout,timeout,memout
c0c075a8f79bc59293c30651afc71b33,edit_distance025_449.cnf.xz,830.86,6.92,501.57,262.64,timeout,timeout,memout
c1484d43c95d76184dbe50ac5fc98854,satch2ways17w.cnf.xz,timeout,14.12,timeout,memout,timeout,timeout,memout
c1c25b65adbd9fdde56cd489ab557e71,spg_300_312.cnf.xz,108.06,60.77,76.89,56.45,92.71,104.31,494.58
c3d8096db125f4bade48cfd0dcf441f3,SE_PR_stb_531_83.apx_1.cnf.xz,64.41,17.44,2.89,1.21,97.35,4.76,36.61
c401fc09cf0d3fb666cd80dd38f9757d,Mycielski-11-hints-1.cnf.xz,289.71,184.87,74.91,416.98,541.82,529.18,491.69
c41c74f316a2067cc19708ce982d960a,WS_400_16_90_70.apx_0.cnf.xz,112.18,timeout,8.31,150.14,57.87,59.08,memout
c502ef60c01f7ce1f3fb241b08253e81,barman-pfile10-039.sas.ex.15.cnf.xz,130.91,13.62,24.40,memout,timeout,timeout,96.85
c50dd1b0f41a1adcdfed8d663add9428,20-100-lambda100-65_sat.cnf.xz,58.83,17.77,15.35,79.43,57.06,54.03,memout
c52ad9f8fec393a1f4b421aa14af75d3,at-least-two-vmpc_26.cnf.xz,78.90,6.91,17.70,130.15,34.83,37.42,1272.11
c5905895a64fbbfb8a60b18bf77b7054,puzzle60_sat.cnf.xz,timeout,63.79,memout,timeout,timeout,timeout,memout
c5ae0ec49de0959cd14431ce851c14f8,Circuit_multiplier22.cnf.xz,40.12,2.29,8.30,46.68,21.13,39.26,4.72
c689bbf889022255138ab00f59a545b1,b2005-p5-14x14c17h9-Ser5-0.cnf.xz,memout,22.74,timeout,timeout,memout,memout,memout
c79f5efa4fdcf594b4169106d04b3e86,LABS_n069_goal001.cnf.xz,1568.86,35.77,memout,memout,1202.44,1288.85,1208.72
c7a473fd916048e8d98f012294074328,edit_distance023_283.cnf.xz,552.07,35.57,45.53,191.06,230.77,146.69,memout
c7cd1be9f812c99e94827cb361d693fc,b2005-p1-14x14c17h9-Ser3-0.cnf.xz,memout,timeout,timeout,memout,memout,memout,memout
c879ee8f60ca65a013da7774277e489e,randomG-n19-d05.cnf.xz,timeout,timeout,2.28,timeout,timeout,timeout,timeout
c8cff3ad0f176e153b5073725fed1bd1,ndhf_xits_09_UNSAT.cnf.xz,1189.14,13.53,111.57,timeout,639.98,533.61,memout
c9aeaebe08aa8abf73a800decfbc01b3,ctl_4291_567_1_unsat.cnf.xz,496.62,4.34,27.74,1164.49,188.31,174.59,memout
cab122ecb0ca8f09d0e53eb81ac4bcf9,erin2_0x0_n207-379.cnf.xz,210.54,timeout,25.21,77.69,28.52,185.02,194.34
cac3197a79f7b0166f8a22367b86c02a,sp5-21-15-una-nons-tree-noid.cnf.xz,36.76,5.71,6.53,19.25,2.81,3.98,96.41
cc4ca544efe70ed7942a110b7e89dfd5,HCP-526-420.cnf.xz,195.97,332.38,memout,97.11,294.53,timeout,memout
cc5c7c695cbb6f78c1af80b3e5471db3,ak016modbtsimpbisc.cnf.xz,128.28,12.59,35.18,memout,85.12,91.98,memout
cc813d033d2b735cf872a7568eacda24,ecarev-110-1031-23-40-8.cnf.xz,1131.15,1.27,257.14,292.18,651.50,584.25,437.23
cd60db7535dddb69068778af69e6a267,edit_distance035_393.cnf.xz,362.33,26.75,164.78,368.01,919.26,389.83,234.69
cdf559a186b55457ce49516ec323e907,at-least-two-traffic_kkb_unknown.cnf.xz,133.71,11.96,23.02,memout,92.27,memout,251.12
ceed053b7c2e91dd761169faba1a5193,puzzle35_unsat.cnf.xz,413.03,33.16,39.77,157.23,timeout,867.30,memout
cf5f4eb714cab56ce430af77d26e1a6e,MVD_ADS_S10_5_6.cnf.xz,9.42,91.11,2.00,322.29,timeout,timeout,0.67
cfc5b08fa24149afb9a67426dbe871e9,WS_500_32_30_10.apx_0.cnf.xz,217.80,timeout,15.52,467.78,104.32,111.10,memout
d0c760534508b543718285a3faad7ba9,Circuit_multiplier35.cnf.xz,234.09,19.32,5.70,65.61,57.53,23.84,5.78
d21b66364fecc9fc7aabbbb981274612,HCP-526-105.cnf.xz,99.61,132.04,91.32,86.90,330.62,394.08,59.49
d2528d707d36e76d0230ed6918c97345,sted5_0x1e3-120.cnf.xz,154.75,6.91,14.31,35.33,38.15,26.77,164.87
d2ec1de194269f98dff6608ff097d031,vlsat2_111_1186.cnf.xz,21.47,45.77,2.38,7.38,21.25,15.16,43.13
d328c11941d27fcabc1688663bdc64ea,erin2_0x1e3-216.cnf.xz,733.81,18.77,178.88,141.25,432.87,881.36,memout
d32d87afa368dcdcc2dfef18573e39f4,E02F17.cnf.xz,33.82,29.85,7.13,29.23,18.50,21.03,28.10
d42c9f674dcabd62a43c0d4b9b495c2a,sted1_0x0-380.cnf.xz,timeout,138.88,timeout,timeout,timeout,timeout,memout
d4a914e3e257179e39ec493a7d7b1140,ktf_TF-4.tf_4_0.06_52.cnf.xz,107.19,64.58,52.16,111.71,227.60,194.58,memout
d5325d628ea6ed001c5a99971b58deae,uum32.smt2.cnf.xz,timeout,29.87,timeout,memout,timeout,timeout,timeout
d5453d6d31f33a310ce34ee4bcfcbe50,prime_a24_b24.cnf.xz,29.55,18.84,6.73,258.03,10.24,106.18,160.54
d646d69fe2f66663f380a6d742bbb38a,string_compare_safety_cbmc_unwinding_800.cnf.xz,memout,210.93,181.22,memout,memout,memout,memout
d765837689ffb1173943095f2fc42b96,Kakuro-easy-045-ext.xml.hg_4.cnf.xz,timeout,timeout,memout,timeout,timeout,timeout,memout
d7b38c8ead74ae705aa60b8771debda1,maxor128.cnf.xz,1013.17,2.37,177.35,timeout,timeout,timeout,timeout
dbbd977e78d2e6a9d2d83c5077597591,Kakuro-easy-118-ext.xml.hg_4.cnf.xz,memout,timeout,126.34,242.29,memout,memout,178.33
dc3854d1f6db34fa97596ac30204627c,ktf_TF-1.tf_3_0.02_34.cnf.xz,timeout,19.12,timeout,timeout,timeout,timeout,timeout
ddb3decfe4a53709806d60535bbb3de8,n320p5q2_n.apx_17.cnf.xz,161.09,timeout,7.21,168.97,25.79,27.54,296.96
df4aa7724f377245d82486ada37910de,SC21_Timetable_C_140_E_32_Cl_30_S_10.cnf.xz,timeout,51.78,timeout,timeout,timeout,timeout,timeout
df6aa71659ddda7143b6e2e72d7d4675,problem_12.smt2.cnf.xz,timeout,57.34,timeout,timeout,timeout,timeout,timeout
e02cc08183436cf370b565fbf365f3fe,Circuit_multiplier26.cnf.xz,719.79,96.72,50.16,286.16,63.40,136.52,memout
e0617083b92213c14131866cfee57dfb,vlsat2_11_42.cnf.xz,timeout,135.13,409.86,timeout,1668.64,timeout,memout
e353e7a4a49333e69e21ce21289f3983,quad_res_r21_m22.cnf.xz,43.75,17.86,2.06,10.53,9.54,14.72,7.89
e4058a36518bf65fac7b0b866f139235,sp4-33-one-stri-tree-noid.cnf.xz,256.89,101.69,14.91,101.47,57.92,57.78,485.25
e4d1892db27b721b88e5ee7e5987649f,quad_res_r33_m36.cnf.xz,timeout,15.14,memout,timeout,timeout,timeout,memout
e59a9e69ce2967effc10fb6905609079,51.smt2.cnf.xz,89.55,572.52,23.81,41.49,43.95,45.96,314.30
e63a6f6ad7432b630996b02f842066f7,b2005-p1-12x12c10h7-Ser5-0.cnf.xz,timeout,timeout,timeout,memout,timeout,timeout,memout
e6510ed99dc7c4549ac41772305d004b,sp5-21-15-one-nons-tree-noid.cnf.xz,62.21,2.09,6.11,31.04,6.45,2.64,31.48
e6ebcf156dfca54a7881190a14a330fa,Kakuro-easy-150-ext.xml.hg_9.cnf.xz,memout,1.49,70.91,313.00,memout,memout,191.85
e6f6a122f3988097a98995bfb7e1d1bb,mp1-klieber2017s-1200-022-eq.cnf.xz,72.16,timeout,23.14,675.34,122.79,172.86,665.38
e724ce11027976e35cfb8ca6881d741b,Sz1024_34824.smt2.cnf.xz,389.22,35.52,382.74,267.54,710.47,996.57,144.05
e7736f693835ebec4ced74ad3c146e81,WS_300_24_90_10.apx_0.cnf.xz,88.77,37.95,7.31,125.65,33.33,31.12,152.96
e8209cd050c81226a57e93a0a83220d4,string_compare_safety_cbmc_unwinding_700.cnf.xz,memout,1.28,159.50,timeout,memout,memout,memout
e823071e58960a155122139ab4d0f44a,vlsat2_51_824.cnf.xz,timeout,125.85,memout,timeout,2878.01,timeout,memout
e8408d02568ac7214d2d4cad6d59e9bf,vlsat2_144_7585.cnf.xz,timeout,17.46,263.92,timeout,2734.31,timeout,memout
e8c79a0ee6be39b6b2211c9a527c192a,randomG-n20-d05.cnf.xz,timeout,18.32,2.72,timeout,timeout,timeout,memout
e9674dde824d0e269ad80b9659b1b431,HCP-446-420.cnf.xz,762.05,23.97,113.20,timeout,timeout,timeout,memout
e9bd4a210195e83cf64cae1aaf5a36a0,size_5_5_5_i251_r12.cnf.xz,286.01,10.14,74.42,90.03,231.12,98.96,68.91
eb09e5484eaf494d6c1abe60c5b38b7e,sp5-26-19-bin-nons-tree-noid.cnf.xz,214.45,105.72,7.75,34.16,476.61,37.23,665.45
eb92c7c6b92379e55b91bc764632d65e,crafted_n10_d6_c4_num15.cnf.xz,415.72,5.93,23.95,273.38,454.31,memout,155.33
ecd91912911f079da6b66ee6afd8e716,crafted_n10_d6_c4_num21.cnf.xz,555.78,timeout,25.76,272.04,537.44,memout,215.01
eda4aa84aeeb306468396fa82a6bba5a,pb_300_05_lb_17.cnf.xz,244.87,31.56,16.30,50.79,51.55,49.74,81.19
ee3d0bbbe59d1d3d1a087df411d44626,sum_of_3_cubes_87_bits_75.cnf.xz,timeout,10.51,timeout,memout,timeout,timeout,memout
ef4508038f0220f285640f4f9f1da640,satch2ways18u.cnf.xz,timeout,6.90,memout,timeout,timeout,timeout,timeout
ef64bc4d3c2505574e067eb50b48ffd4,HCP-522-105.cnf.xz,99.42,5.89,99.27,91.23,526.69,884.71,58.85
ef673597d33e9c4952ac883ceb96cbab,k2fix_gr_rcs_w8.shuffled.cnf.xz,80.06,51.96,4.88,18.12,17.10,22.94,memout
effa19cc18a6c3faca19761028bb0a0e,SC21_Timetable_C_121_E_34_Cl_8_S_4.cnf.xz,timeout,3.42,timeout,timeout,timeout,timeout,timeout
f157df1208c06caaa5cf11371704b87b,edit_distance041_182.cnf.xz,78.06,12.31,16.30,168.06,73.42,63.14,271.10
f293dc11e842227dd1a49fe1571bcb8b,mp1-tri_ali_s11_c35_abix_UNS.cnf.xz,49.50,10.12,11.10,74.98,27.12,26.90,96.23
f4a15cbf0cc8bc993e29f82e7d8e9563,HCP-529-60.cnf.xz,187.65,34.34,88.30,89.86,347.33,303.88,67.70
f51d3940d97c1019081744d94bf08778,MVD_ADS_S4_5_5.cnf.xz,10.14,timeout,2.51,814.89,timeout,timeout,0.56
f746dae2050dd4aa48bcd53e8bd897b4,ex065_25.cnf.xz,117.78,123.09,142.46,22.49,180.79,18.91,107.15
fab5698f06861b62c881c77630fbcd4d,Kakuro-easy-142-ext.xml.hg_8.cnf.xz,memout,2.30,memout,329.60,memout,memout,628.97
faea4b579b0010b32f001ac4b5b9415a,rphp4_090_shuffled.cnf.xz,948.99,58.78,23.54,timeout,272.15,267.01,timeout
fb621b2b4a54ec0f01ac36daaa7f0f5b,HCP-470-105.cnf.xz,721.00,24.12,114.10,memout,timeout,timeout,649.99
fdfd5975c57d7cd2264ef6aff6cb4815,SE_PR_stb_588_138.apx_1.cnf.xz,122.20,8.30,3.52,2.22,160.73,59.78,memout
ff4b033c2a2da4100f0b1e83c49c5f80,Circuit_multiplier25.cnf.xz,258.92,21.74,33.98,219.49,440.67,85.14,743.29
