hash,filename,cadical_hack_gb,CaDiCaL_PriPro,CaDiCaL_PriPro_no_bin,CaDiCaL_rp,CaDiCaL_sc2021,Cadical_SCAVEL01,Cadical_SCAVEL02,CaDiCaL_Stability_HC,cadical_watch_sat,CleanMaple,CleanMaple_PriPro,cms_expV_gbL,hCaD,hCaD_psids,hKis,hKis_psids,hKis_unsat,kissat_bonus,kissat_cf,kissat_crvr_gb,kissat_gb,Kissat_MAB,Kissat_sc2021_default,Kissat_sc2021_sat,Kissat_sc2021_sweep,lstech_maple,Maple_MBDR_BJL6_Tier2,Maple_MBDR_BJL7_Local,Maple_MBDR_Cent_PERM_10K,Maple_MBDR_Cent_PERM_75K,Maple_simp21,MapleSSV,optsat_m21,optsat_R21,ParaFROST,ParaFROST_NoMDM,Relaxed_LCFTP,Relaxed_LCFTP_V2,Relaxed_LCFTP_V3,Relaxed_LCMDCBDL_BLB,Relaxed_LCMDCBDL_SCAVEL01,Relaxed_LCMDCBDL_SCAVEL02,SLIME_hess_no_rnd,SLIME_hess_rnd,SLIME_no_hess_no_rnd,SLIME_no_hess_rnd
01813075a2ddb68ae1fc655ca003437e,sha256__zeroOut_12__freeIn_16__seed_1.cnf.xz,2475.77,1625.91,1633.65,2528.15,2207.69,2233.19,3539.16,2504.04,2129.73,timeout,timeout,2016.59,timeout,2179.44,timeout,timeout,timeout,2786.22,timeout,timeout,timeout,timeout,timeout,timeout,timeout,792.21,1018.26,505.449,817.699,823.975,801.557,775.329,698.253,1498.31,3300.85,2657.15,909.235,564.876,871.172,1302.14,694.707,664.433,696.295,662.513,823.142,697.971
036b541db9d0839b0591d408ff4f77ae,aes_decry_2_rounds.debugged.cnf.xz,180.952,163.628,163.254,159.345,163.425,161.68,165.623,186.23,186.129,4327.56,timeout,248.05,2380.26,198.382,463.83,189.908,154.715,115.036,610.987,568.986,449.987,151.965,174.23,349.998,174.457,567.604,unverified,unverified,469.383,472.109,241.554,455.409,197.106,261.759,117.247,118.12,491.363,449.958,524.348,631.163,553.838,288.633,561.201,596.89,556.775,479.567
05650550f21d60a3989cae43fb5ebd93,ssAES_4-4-8_round_8-10_faultAt_8_fault_injections_2_seed_388173632.cnf.xz,2567.33,timeout,timeout,3254.7,timeout,3774.37,3558.92,timeout,4148.68,timeout,timeout,timeout,4452.73,timeout,timeout,timeout,timeout,timeout,timeout,timeout,timeout,timeout,timeout,timeout,timeout,timeout,timeout,timeout,2919.18,2907.39,timeout,timeout,timeout,timeout,timeout,timeout,timeout,timeout,timeout,timeout,timeout,timeout,timeout,timeout,3339.71,timeout
05ff725eef6dbf5b1bff07bedd89d6c0,slp-synthesis-aes-bottom32.cnf.xz,timeout,timeout,timeout,timeout,timeout,timeout,timeout,timeout,timeout,timeout,timeout,timeout,timeout,timeout,timeout,timeout,timeout,timeout,timeout,timeout,timeout,timeout,timeout,timeout,timeout,timeout,timeout,timeout,timeout,timeout,timeout,timeout,timeout,timeout,timeout,timeout,timeout,timeout,timeout,timeout,timeout,timeout,timeout,timeout,timeout,timeout
060ad8240dd120ae1017c31c17fa88e9,sha1__zeroOut_06__freeIn_10__seed_2.cnf.xz,136.027,186.921,182.153,45.4754,21.2526,174.679,110.737,156.3,149.2,730.147,644.789,92.0515,88.2677,70.2424,31.143,123.999,140.901,154.475,113.763,215.322,368.846,87.2487,11.844,57.8038,133.271,117.246,71.3069,189.501,33.2647,33.2835,103.083,105.286,68.8636,90.8721,107.365,68.1195,128.796,112.059,61.139,80.0216,156.779,130.572,106.374,86.9646,108.458,15.4111
0616ca6b1e0ae639d12e19ed310963a9,satcoin-genesis-SAT-4.cnf.xz,1.22274,1.39852,1.40402,1.21708,1.23559,1.12389,1.21763,1.23705,1.2692,21.2787,68.8659,17.2492,1.18943,1.36603,145.831,37.6239,4.1373,30.468,66.7787,92.719,81.6809,25.4798,23.0007,20.0583,21.5676,5.35143,4.67899,4.67794,4.80131,4.79253,timeout,2602.2,99.9378,2152.48,2.14416,7.0143,4.69384,4.71401,4.71335,4.64998,4.71109,4.68797,6.66099,17.2999,6.71717,17.3548
08530caa5c9232f2ffc5163cf79b38e7,satcoin-genesis-SAT-64.cnf.xz,8.50322,9.85139,9.82974,7.19429,6.56378,7.50466,8.09587,7.40882,8.04902,timeout,timeout,1584.77,7.91443,2.45235,timeout,timeout,timeout,timeout,1871.59,timeout,timeout,timeout,timeout,timeout,timeout,6.79082,75.5592,89.7721,22.6687,22.767,timeout,2561.44,1163.3,2123.84,3.83674,73.787,18.4433,17.9279,17.2709,20.0907,47.2518,19.8418,29.9279,16.4114,29.9565,22.4781
0c1229dd6d69a3435089228613a4586a,combined-crypto1-wff-seed-134-wffvars-500-cryptocplx-31-overlap-2.cnf.xz,2815.7,203.473,201.729,2183.23,84.9086,4567.32,686.828,2968.01,3152.5,timeout,timeout,19.7772,timeout,timeout,128.103,894.576,42.8549,440.507,232.449,82.1795,242.363,225.186,timeout,157.284,653.153,0.885843,117.716,119.451,102.668,103.104,timeout,timeout,1486.2,2592.96,54.4938,1.39072,123.459,92.7123,116.732,237.072,7.17098,826.72,88.2491,91.5966,51.7581,87.9238
0d2bcd9d503431148295cd116b446609,slp-synthesis-aes-bottom35.cnf.xz,timeout,timeout,timeout,timeout,timeout,timeout,timeout,timeout,timeout,timeout,timeout,timeout,timeout,timeout,timeout,timeout,timeout,timeout,timeout,timeout,timeout,timeout,timeout,timeout,timeout,timeout,timeout,timeout,timeout,timeout,timeout,timeout,timeout,timeout,timeout,timeout,timeout,timeout,timeout,timeout,timeout,timeout,timeout,timeout,timeout,timeout
0ec6278d8757199a58df37ec3de4d6b8,ssAES_4-4-8_round_8-10_faultAt_8_fault_injections_2_seed_1588239689.cnf.xz,timeout,timeout,timeout,4015.34,3666.01,timeout,3577.76,3178.48,timeout,timeout,timeout,timeout,4051.06,timeout,timeout,timeout,timeout,timeout,timeout,timeout,timeout,timeout,timeout,timeout,timeout,timeout,4933.22,timeout,timeout,timeout,timeout,3610.65,timeout,timeout,timeout,timeout,timeout,timeout,timeout,timeout,timeout,4814.33,3025.15,timeout,timeout,timeout
11f9fb52d305af8fb00e7f6e7071c820,combined-crypto1-wff-seed-106-wffvars-500-cryptocplx-31-overlap-2.cnf.xz,499.734,1676.12,1842.76,9.99306,18.7615,timeout,413.151,342.839,863.487,timeout,timeout,19.6092,2509.78,timeout,42.3858,237.33,2.0142,102.693,2.16618,5.48112,120.894,18.9602,83.411,193.283,179.218,45.6783,135.182,160.137,126.841,136.05,103.491,timeout,103.669,102.682,188.323,3.33551,117.538,158.382,183.092,267.914,6.05032,823.159,92.058,90.5078,141.443,108.815
12d835f3858b8c94cb1db35ce694fda3,md4__zeroOut_18__freeIn_22__seed_2.cnf.xz,1491.71,109.88,110.246,42.0829,72.694,91.3002,202.312,73.8418,412.725,timeout,timeout,536.282,444.756,1153.93,549.925,815.127,675.507,1961.36,270.54,222.977,554.266,532.732,430.374,363.386,1634.25,282.168,1152.39,760.799,267.005,273.836,2571.49,580.669,3778.35,timeout,178.159,96.4745,timeout,158.768,201.671,199.688,timeout,1513.62,1685.71,3281.22,1228.73,657.563
13002f51482d0b78e9f98fae1672d99a,aes_64_2_keyfind_1.cnf.xz,timeout,timeout,timeout,timeout,timeout,timeout,timeout,timeout,timeout,timeout,timeout,timeout,timeout,timeout,timeout,timeout,timeout,timeout,timeout,timeout,timeout,timeout,timeout,timeout,timeout,timeout,timeout,timeout,timeout,timeout,timeout,timeout,timeout,timeout,timeout,timeout,timeout,timeout,timeout,timeout,timeout,timeout,timeout,timeout,timeout,timeout
13fe83cc7a856ff2358f76b96daf51e3,combined-crypto1-wff-seed-127-wffvars-500-cryptocplx-31-overlap-2.cnf.xz,189.873,timeout,timeout,88.9133,2494.62,timeout,442.365,3688.07,28.5507,timeout,timeout,319.33,3719.89,timeout,260.178,478.667,68.5097,3063.21,53.6308,402.789,197.851,17.2654,360.928,400.574,168.665,408.374,121.07,123.319,62.07,73.5247,1630.11,3320.76,timeout,419.734,35.4282,194.239,132.529,138.59,148.119,282.513,7.56096,timeout,696.121,479.976,249.375,177.803
140f56ae75d27f8f64392ddbea8fdf20,gss-20-s100.cnf.xz,648.852,875.565,868.782,73.1885,1312.05,766.983,540.114,246.539,901.063,3605.61,995.219,548.696,422.879,253.602,450.625,295.574,587.166,345.098,544.65,266.499,103.34,976.687,367.62,843.745,361.913,1017.89,573.686,187.13,1622.7,1628.72,664.482,536.09,2419.33,2404.66,346.295,814.929,2207.45,252.628,1867.63,453.24,1024.52,237.106,1850.43,1024.72,1216.84,861.193
16ad0f4e6759ead8d0cff5349f0136a2,PRESENT_round_1-32_faultAt_29_fault_injections_1_seed_1579630418.cnf.xz,timeout,timeout,timeout,timeout,timeout,timeout,timeout,timeout,timeout,timeout,timeout,timeout,timeout,timeout,timeout,timeout,timeout,timeout,timeout,timeout,timeout,timeout,timeout,timeout,timeout,timeout,timeout,timeout,timeout,timeout,timeout,timeout,timeout,timeout,timeout,timeout,timeout,timeout,timeout,timeout,timeout,timeout,timeout,timeout,timeout,timeout
19c3796341c9361f30fc4d03d1914fb6,hitag2-10-60-0-0xdf7fa6426edec07-17.cnf.xz,2223.39,1378.14,1364.69,2846.3,2314.17,2316.88,3206.78,2628.6,2320,timeout,timeout,1937.14,2148.11,2123.32,1277.38,1459.05,1299.6,1672.31,1359.06,1302.27,1242.79,2127.54,2059.07,2640.52,2014.75,2266.94,unverified,unverified,2415.32,2998.9,2181.41,1269.3,2513.1,2222.01,2932.5,2895.88,2680.55,4452.26,3552.94,1873.08,2495.99,3323.24,2377.68,2263.31,2341.01,2342.87
19e4774270745b00ed6142edcb8965fc,ssAES_4-4-8_round_8-10_faultAt_8_fault_injections_2_seed_243659113.cnf.xz,4278.78,timeout,timeout,timeout,2895.7,timeout,timeout,timeout,timeout,timeout,timeout,timeout,timeout,timeout,timeout,timeout,timeout,timeout,timeout,2792.7,timeout,timeout,4009.65,timeout,timeout,timeout,timeout,timeout,timeout,timeout,timeout,timeout,timeout,timeout,4373.37,timeout,timeout,timeout,timeout,timeout,4215.14,3246.5,timeout,timeout,timeout,timeout
1a05f90f3850a3a1c73611adc02d5ce7,preimage_80r_492m_160h_seed_344.cnf.xz,3707.64,4947.97,4925.52,3174.97,1792.89,timeout,timeout,3598.02,4260.56,timeout,timeout,12.4609,1651.34,3387.33,1624.04,2013.62,timeout,491.895,4748.56,2883.13,timeout,742.823,timeout,3193.96,223.698,timeout,1516.16,timeout,timeout,timeout,timeout,4769.75,2181.68,1662.97,timeout,3242.56,1308.23,timeout,timeout,timeout,timeout,timeout,timeout,timeout,timeout,timeout
1f7d2a5f671c717bdaa409492ac3ab3d,apn-sbox6-cut4-helpbox23.cnf.xz,timeout,timeout,timeout,timeout,timeout,timeout,timeout,timeout,timeout,timeout,timeout,timeout,timeout,timeout,timeout,timeout,timeout,timeout,timeout,timeout,timeout,timeout,timeout,timeout,timeout,timeout,timeout,timeout,timeout,timeout,timeout,timeout,timeout,timeout,timeout,timeout,timeout,timeout,timeout,timeout,timeout,timeout,timeout,timeout,timeout,timeout
2062a9566987f9ee0f68d7d0890150ec,combined-crypto1-wff-seed-16-wffvars-450-cryptocplx-40-overlap-2.cnf.xz,3581.43,1304.88,1319.02,timeout,timeout,3541.74,520.373,timeout,4832.99,timeout,timeout,318.449,1186.63,timeout,361.258,1440.94,29.4694,124.895,45.6348,93.1839,319.66,537.615,187.394,126.985,395.474,6.17214,65.2309,161.294,148.877,1932.73,224.246,timeout,231.817,223.886,132.308,106.807,924.541,205.397,272.379,233.602,1521.59,912.422,100.475,86.3565,92.7078,107.746
21c32b3636f0f470731c3254011fcbdd,md5__zeroOut_14__freeIn_18__seed_2.cnf.xz,53.2056,110.348,107.575,187.623,70.842,95.2573,58.5517,263.174,162.46,492.393,174.314,94.7674,67.953,271.873,188.514,106.39,469.731,326.04,38.6139,285.4,304.263,123.923,50.5579,329.874,25.0018,44.9634,86.6759,132.356,153.982,155.857,121.807,160.033,78.6159,45.5924,104.335,133.833,74.9332,130.891,37.8054,168.845,131.122,56.1048,98.8583,56.3514,46.9545,171.919
222e69415f05509e2b135174a62f463b,md4__zeroOut_16__freeIn_20__seed_1.cnf.xz,27.8979,172.573,170.246,46.6499,92.381,190.647,21.0159,169.833,190.043,408.43,3078.31,73.5449,231.71,30.9791,461.325,52.8355,49.4193,127.339,179.897,90.4847,132.973,275.647,544.191,156.161,189.959,107.577,338.882,341.591,185.236,185.211,69.8077,1179.16,23.5473,239.279,254.644,270.567,80.7096,55.4861,147.532,312.158,306.651,28.3879,47.8792,565.352,41.026,73.3218
2565143ce97b21d25c01ef4827e4283f,combined-crypto1-wff-seed-136-wffvars-500-cryptocplx-31-overlap-2.cnf.xz,timeout,271.525,265.03,2031.87,64.4528,timeout,400.095,1030.23,81.3837,timeout,timeout,63.0788,timeout,timeout,108.332,370.709,33.3711,1187.09,109.919,21.4426,132.575,88.7495,1657.33,390.201,793.803,23.1718,130.761,1129.71,198.791,559.577,228.821,timeout,225.335,224.136,727.691,719.156,179.279,535.132,169.172,323.16,16.4445,903.793,77.477,135.118,132.794,176.057
269f04881962a72af8caa9672d740036,sha1__zeroOut_03__freeIn_07__seed_0.cnf.xz,52.8324,33.275,33.5697,2.49798,4.85557,48.9702,77.0045,14.3965,18.7406,72.17,133.198,67.9058,49.0444,56.9315,13.7907,63.0645,49.8012,26.288,105.223,11.744,20.3901,44.9972,57.6031,45.7453,94.1536,23.5597,36.859,54.1525,35.8626,35.2606,27.921,41.7452,31.0502,23.9618,17.8413,63.5094,25.2653,66.389,58.1271,70.8624,46.3211,44.8611,29.8225,23.806,31.0108,28.383
26e9e6f76821074fec971ba27aae0bea,sha1r17m149ABCD_p.cnf.xz,4218.76,2345.47,2364.36,3331.7,3170.07,4436.43,4942.81,4145.22,1801.5,timeout,timeout,4148.29,395.407,785.727,872.32,406.69,1066.81,1567.73,813.371,153.523,561.562,1567.98,2219.87,2077.17,850.693,3339.73,3467.17,2611.14,508.741,2709.44,584.725,830.698,582.249,388.858,3750.39,1332.45,3548.66,4710.46,timeout,1725.67,452.1,3855.6,207.278,3081.48,169.515,4047.3
2bc7ccca948bdf8941d1d19fce12c16c,008.cnf.xz,timeout,timeout,timeout,timeout,timeout,timeout,timeout,timeout,timeout,timeout,timeout,timeout,timeout,timeout,timeout,timeout,timeout,timeout,timeout,timeout,timeout,timeout,timeout,timeout,timeout,timeout,timeout,timeout,timeout,timeout,timeout,timeout,timeout,timeout,timeout,timeout,timeout,timeout,timeout,timeout,timeout,timeout,timeout,timeout,timeout,timeout
2dcc525ccb3eb88be9dcd4fbed1bab6c,satcoin-genesis-SAT-32.cnf.xz,4.49043,5.89554,5.91578,4.4901,7.68962,4.57253,4.56857,4.64623,5.04584,timeout,timeout,825.873,4.4527,1.61974,timeout,803.023,timeout,timeout,1870.11,timeout,timeout,timeout,timeout,timeout,timeout,7.56634,92.0899,93.2845,97.0905,98.1944,timeout,timeout,960.038,timeout,3.30925,69.064,82.5105,81.5833,99.018,618.469,83.0273,96.8934,60.771,54.6491,59.6881,50.2303
2e425e75bd968a05ca267c87177ba592,slp-synthesis-aes-top21-sc2011.cnf.xz,4195.02,timeout,timeout,2877.62,timeout,timeout,4744.35,timeout,3623.61,timeout,timeout,timeout,timeout,4702.86,timeout,timeout,timeout,2451.68,timeout,timeout,timeout,timeout,timeout,timeout,timeout,timeout,timeout,timeout,timeout,timeout,timeout,timeout,timeout,timeout,timeout,3970.1,timeout,timeout,timeout,timeout,timeout,timeout,timeout,timeout,timeout,timeout
2e6665e09a074c42b68cb142a635344d,ASG_96_len112_known_last13_2_u.cnf.xz,649.806,335.777,337.533,617.193,674.678,658.87,649.835,606.218,690.421,4400.46,3476.64,924.525,584.738,613.567,619.022,630.358,629.956,651.515,643.317,633.38,659.423,726.771,703.488,823.06,946.731,772.711,unverified,unverified,943.056,1034.28,862.215,702.406,828.857,786.251,538.66,564.88,967.857,1055.78,1013.59,723.235,769.129,887.148,906.855,851.914,867.973,883.481
30e8b47741a4104c01eeea1d00bbce9e,aes_equiv_encry_3_rounds.debugged.cnf.xz,397.581,445.278,445.247,398.779,420.236,747.909,407.296,532.836,444.397,timeout,timeout,721.266,2717.37,989.435,913.256,505.174,520.111,343.278,1152.22,1165.95,1121.23,486.516,476.32,656.699,488.247,1725.93,unverified,unverified,1174.74,1198.07,634.067,2606.83,625.762,556.839,394.993,416.568,1037.52,1111.49,1084.92,1941.82,1150.6,666.094,1181.9,1528.55,1051.69,1229.22
3198bf396bbf9fbf335513f05293275e,mizh-sha0-35-2.cnf.xz,110.744,48.3776,48.464,37.5226,24.8232,21.5905,167.918,35.4111,20.0506,182.663,155.179,98.706,13.6218,25.5499,33.4605,15.0282,50.0331,333.886,89.5544,26.5989,18.306,71.0607,40.125,15.8897,58.1032,84.5024,230.974,206.407,124.066,125.315,112.023,30.6992,74.773,108.814,29.2566,8.63667,71.2963,62.4261,37.5226,27.8692,142.992,88.5234,74.1354,50.5426,194.184,75.8885
32e77b54836af7f04f33aa8a7ebbe4ca,sha0_36_5.cnf.xz,713.994,241.131,231.333,174.893,1114.24,600.653,199.115,3118.7,573.073,4521.48,timeout,638.688,41.1088,965.79,121.91,82.8207,898.845,timeout,75.4833,174.022,259.811,126.119,40.7851,71.5636,289.39,367.785,357.852,236.237,116.678,116.738,77.762,103.333,231.593,75.5192,388.167,927.367,177.715,247.268,538.097,599.259,340.286,86.2253,54.6547,594.517,873.142,506.437
33368ccc2d21563383811dbfa9aa0973,md5__zeroOut_17__freeIn_21__seed_1.cnf.xz,92.8415,1276.11,1218.77,2082.01,1364.04,599.597,716.053,299.942,443.13,timeout,2354.07,643.206,471.528,1288.72,2516.66,2720.38,1965.01,1310.24,3429.72,1023.58,185.174,151.639,29.4745,445.214,660.66,1138.1,970.284,2953.57,963.084,950.384,334.362,67.9502,1177.63,505.596,123.44,1507.1,2672.83,1049.44,1313.68,653.216,954.096,2868.19,233.269,230.704,533.546,547.619
38ad1c44716f1afab7ce8342e00e53af,cms-scheel-md4-families-r24-c8-p2-3-4-5-7-12-16-19.cnf.xz,8.01278,11.699,12.153,39.6483,11.395,36.8198,43.0296,8.63308,41.6845,79.9493,65.1456,42.3062,6.32348,35.5693,7.20685,103.138,6.8934,99.1391,4.26016,13.1119,6.87358,12.3938,5.52948,16.1654,9.77744,23.2265,27.0692,14.7025,171.23,170.56,13.6263,17.3636,22.0825,13.7327,9.86138,6.06652,29.6254,23.0544,15.7377,18.4687,15.7445,26.5674,22.8547,21.5309,22.3437,21.5154
39817f63ea7fa6d90b1cf245fbd54ca8,g2-gss-34-s100.cnf.xz,timeout,timeout,timeout,timeout,timeout,timeout,timeout,timeout,timeout,timeout,timeout,timeout,timeout,timeout,timeout,timeout,timeout,timeout,timeout,timeout,timeout,timeout,timeout,timeout,timeout,timeout,timeout,timeout,timeout,timeout,timeout,timeout,timeout,timeout,timeout,timeout,timeout,timeout,timeout,timeout,timeout,timeout,timeout,timeout,timeout,timeout
39ad133b95ca87ca0842d3b4d17ec926,005.cnf.xz,346.816,1076.75,1076.63,222.794,1407.26,1259.67,1402.64,617.232,1960.63,2948.97,2577,1552.01,2356.98,821.913,140.112,2498.83,1508.05,753.888,2234.3,357.743,352.509,412.576,674.434,908.062,2127.24,468.766,409.05,510.732,955.11,950.569,795.202,669.602,449.836,1027.21,89.8462,1501.98,306.119,870.042,478.238,464.96,518.249,761.886,690.168,553.6,591.595,536.969
3baf1eb7a5a42b45a11b8de5422001e5,md5__zeroOut_10__freeIn_14__seed_2.cnf.xz,79.2199,33.0428,33.2449,64.4082,51.666,15.8702,32.3528,40.2807,132.107,228.439,260.843,110.218,17.3732,79.8276,153.948,55.5484,20.2762,38.3083,18.6909,212.294,48.6615,23.9603,30.4652,15.1652,19.1395,44.1123,65.9818,36.3162,107.889,107.297,26.2012,51.762,32.1818,40.5662,38.7777,49.8951,33.4555,25.3569,19.4883,115.441,57.1769,22.2607,55.0775,27.2773,32.9193,37.0951
3c3e9221a6b2cfc052f5bc8740a94195,sha1__zeroOut_06__freeIn_10__seed_0.cnf.xz,153.381,157.398,151.095,157.058,168.691,50.1172,53.654,101.337,112.38,995.453,251.183,30.1302,55.8436,19.9785,53.5016,110.056,93.1458,46.5336,58.1147,202.072,104.997,118.441,51.9731,33.826,75.5966,110.256,53.2,66.7841,105.89,106.027,69.8199,91.5144,54.1569,17.3899,43.3804,44.9704,160.576,130.757,60.6218,111.007,100.973,52.7665,92.7526,61.2854,94.9836,27.7764
3edf32e4a985b9b49a301b3824c383de,md5__zeroOut_13__freeIn_17__seed_1.cnf.xz,185.869,111.997,113.909,159.287,55.5874,117.457,147.908,248.943,97.2775,328.179,429.022,107.272,138.026,197.526,51.3955,162.777,61.6923,88.8004,307.405,306.481,251.33,117.757,129.296,193.699,274.38,88.8929,20.9398,77.1734,256.376,205.095,148.388,148.424,50.4227,24.288,310.003,144.993,86.9567,395.397,102.03,89.2124,77.5274,33.2387,94.7598,84.3245,44.3892,27.0999
4202559d235e01d65030b189ff72ccc3,md5__zeroOut_23__freeIn_27__seed_2.cnf.xz,timeout,timeout,timeout,timeout,timeout,timeout,timeout,timeout,timeout,timeout,timeout,timeout,timeout,timeout,timeout,timeout,timeout,timeout,timeout,timeout,timeout,timeout,timeout,timeout,timeout,timeout,1954.54,timeout,timeout,timeout,timeout,timeout,timeout,timeout,timeout,timeout,timeout,timeout,timeout,timeout,timeout,timeout,timeout,timeout,3989.74,timeout
423de12e26e0a8e2957374e7cd63004d,sha256__zeroOut_01__freeIn_05__seed_2.cnf.xz,51.9725,56.6457,58.6274,44.2077,41.4931,11.7062,145.855,122.091,164.063,491.477,267.511,110.325,46.5202,12.4363,195.192,455.477,72.0836,103.09,109.954,34.6752,100.248,55.7782,61.154,130.367,120.573,24.9797,54.3498,84.9427,69.3512,67.9147,94.3313,43.9879,112.27,174.705,2.3342,70.7693,85.6262,102.045,112.422,186.015,59.2655,28.9623,28.5558,48.5686,28.0553,50.5561
43f5f086103bb41e88ba858657bddea4,md4__zeroOut_20__freeIn_24__seed_1.cnf.xz,1734.18,4222.71,4214.26,3381.3,timeout,1027.82,1066.69,2319.56,4173.87,timeout,timeout,3879.93,timeout,1250.25,timeout,timeout,timeout,timeout,1420.92,timeout,1820.61,557.565,1022.28,timeout,timeout,timeout,timeout,timeout,timeout,timeout,timeout,timeout,timeout,4572.15,timeout,2955.07,2260.46,timeout,2496.73,timeout,timeout,timeout,timeout,timeout,2050.28,timeout
45f40372f9177e018f480f48229f21bb,combined-crypto1-wff-seed-24-wffvars-450-cryptocplx-40-overlap-2.cnf.xz,timeout,211.722,211.547,timeout,391.698,timeout,4970.3,64.9828,timeout,timeout,timeout,160.952,3434.34,timeout,51.468,1306.7,1562.41,602.486,159.581,48.7831,100.222,72.1067,82.2839,491.526,464.206,53.1646,137.123,116.701,111.479,118.114,timeout,timeout,timeout,timeout,342.87,287.99,562.103,193.83,874.605,492.474,79.1684,878.861,167.107,60.1447,67.3341,84.831
4644dce27111277571632a72c4e6f956,combined-crypto1-wff-seed-28-wffvars-450-cryptocplx-40-overlap-2.cnf.xz,2200.2,timeout,timeout,315.85,524.092,407.53,513.071,62.6344,2.53033,timeout,timeout,303.002,1274.45,timeout,7.82284,796.357,134.568,357.832,14.9137,6.2095,50.4254,111.099,227.311,490.548,58.611,21.0817,131.549,123.548,93.8825,187.512,256.799,timeout,260.068,255.94,186.02,36.1814,165.178,189.494,192.863,251.374,19.6589,931.9,82.2429,48.5487,88.4155,65.9538
471b7994446698d3c6c299ae86238f34,md5__zeroOut_09__freeIn_13__seed_2.cnf.xz,84.4933,87.5109,84.2642,55.2033,23.8152,20.131,30.6647,65.9378,65.1697,259.42,206.972,34.1585,17.1042,42.4468,20.4679,41.7123,26.128,44.2185,20.8423,17.7672,94.1186,21.6031,13.1091,66.7282,21.2065,28.6677,32.5644,38.3056,93.0335,92.0289,19.7382,37.3741,35.4223,30.9402,27.652,31.6067,33.1012,28.5967,29.9876,61.1487,44.7144,26.8587,33.8261,32.429,24.7101,31.5018
49b23fbd7e11d5cd53a5c6813b4c0624,g2-mizh-md5-47-5.cnf.xz,80.7557,27.5693,27.5862,20.4231,155.747,206.732,164.429,136.127,101.218,630.129,2722.41,493.673,134.561,131.258,17.5031,51.7966,49.3469,379.57,114.893,183.401,266.336,24.0004,128.871,157.365,91.4749,795.478,381.439,247.706,270.445,270.393,347.09,729.166,132.059,547.123,46.5641,245.403,256.378,115.413,214.015,441.21,590.034,296.334,156.4,112.134,286.604,513.705
4a6455401efd03c7b6df67be7cccf13f,g2-gss-26-s100.cnf.xz,timeout,timeout,timeout,timeout,timeout,timeout,402.87,timeout,timeout,timeout,timeout,timeout,timeout,timeout,3177.22,timeout,timeout,timeout,timeout,timeout,timeout,timeout,timeout,timeout,timeout,timeout,timeout,timeout,timeout,timeout,timeout,timeout,timeout,timeout,timeout,timeout,timeout,timeout,timeout,timeout,timeout,timeout,965.343,3785.85,timeout,timeout
4b09c4fb82b0ae819b7f3766d9b7dcf1,aes_64_4_keyfind_1.cnf.xz,timeout,timeout,timeout,timeout,timeout,timeout,timeout,timeout,timeout,timeout,timeout,timeout,timeout,timeout,timeout,timeout,timeout,timeout,timeout,timeout,timeout,timeout,timeout,timeout,timeout,timeout,timeout,timeout,timeout,timeout,timeout,timeout,timeout,timeout,timeout,timeout,timeout,timeout,timeout,timeout,timeout,timeout,timeout,timeout,timeout,timeout
4cf373cad2b740fcf21c55e830e28a98,sha1__zeroOut_03__freeIn_07__seed_1.cnf.xz,1.38213,26.6105,26.4915,53.331,21.3703,35.0904,8.6777,23.4025,32.3923,109.285,96.8256,108.789,2.49849,43.3411,19.7287,50.2592,16.2743,42.7457,40.1718,42.6816,6.54083,34.8583,42.5206,10.8479,33.7308,43.8913,41.2514,57.4381,27.5367,27.6443,15.3802,36.6615,17.035,27.6391,1.39747,31.9862,21.8558,52.2806,25.9535,41.9406,23.9638,19.1433,23.3142,32.0194,53.2699,36.8641
4ed209554a193102bbf86e8898be3221,PRESENT_round_1-32_faultAt_29_fault_injections_3_seed_1579630418.cnf.xz,86.7909,2481.2,2463.32,1557.07,3950.9,1189.41,3688.13,3645.14,4374.52,timeout,timeout,4400.65,2807.24,3702.65,2680.24,3772.37,1477.56,1938.38,3609.91,4400.73,151.822,899.996,1998.76,16.4562,1319.61,timeout,752.74,2383.15,timeout,timeout,timeout,timeout,timeout,timeout,1980.98,2074.92,timeout,timeout,timeout,timeout,2501.95,timeout,2930.51,2672.44,3876.38,timeout
532e06b2da2d8faae6d6a52d60451936,mizh-sha0-36-1.cnf.xz,46.6145,692.829,674.786,842.49,115.76,12.7997,240.636,725.38,21.5919,1106.36,407.189,581.963,42.9318,488.397,94.0309,286.19,205.819,1971.27,33.4051,527.905,380.547,109.489,247.599,65.8747,138.506,576.964,806.491,689.55,343.135,347.505,170.413,190.994,295.754,172.646,154.882,2346.56,1128.59,80.2266,575.623,875.35,363.82,165.165,617.075,325.194,134.502,980.899
547a9319399c454d26afb9504561716d,ssAES_4-4-8_round_8-10_faultAt_8_fault_injections_2_seed_1906013931.cnf.xz,timeout,timeout,timeout,4264.13,timeout,timeout,2605.37,timeout,2202.47,timeout,timeout,timeout,2473.53,timeout,timeout,timeout,timeout,timeout,timeout,timeout,timeout,timeout,timeout,timeout,timeout,timeout,timeout,timeout,timeout,timeout,timeout,timeout,timeout,timeout,timeout,timeout,timeout,timeout,timeout,timeout,timeout,timeout,timeout,4713.56,timeout,timeout
54e1e319cf5bd5d793f6f694078798a2,combined-crypto1-wff-seed-5-wffvars-450-cryptocplx-40-overlap-2.cnf.xz,timeout,timeout,timeout,72.1611,1932.45,3890.98,1040.73,372.567,timeout,timeout,timeout,633.155,timeout,timeout,486.141,3142.45,86.3717,810.458,15.0103,30.9086,179.594,243.823,950.787,408.324,124.03,21.1998,213.76,148.365,235.055,209.31,timeout,timeout,timeout,2411.53,220.507,70.8993,143.272,235.296,243.814,328.163,40.4216,831.12,65.2136,51.7797,63.441,63.8416
556ccbb8c839397fa16f270eb902bf61,apn-sbox6-cut3-helpbox26.cnf.xz,timeout,timeout,timeout,timeout,timeout,timeout,timeout,timeout,timeout,timeout,timeout,4497.3,2768.88,1560.55,timeout,timeout,timeout,timeout,timeout,timeout,timeout,timeout,timeout,timeout,timeout,timeout,timeout,timeout,timeout,timeout,timeout,timeout,575.331,timeout,timeout,timeout,timeout,timeout,timeout,timeout,timeout,timeout,timeout,timeout,timeout,timeout
55c79e8538f8889acf8f1901441d0779,combined-crypto1-wff-seed-15-wffvars-450-cryptocplx-40-overlap-2.cnf.xz,3702.46,timeout,timeout,2568.3,487.041,404.427,587.643,426.908,334.049,timeout,timeout,67.155,3158.94,timeout,39.6216,327.747,27.8095,361.003,55.1892,26.3502,86.3351,109.86,209.339,84.9532,84.4858,54.0058,266.614,83.4114,109.606,303.74,324.504,timeout,324.727,322.896,268.124,176.273,395.384,259.393,92.4391,99.1928,34.4952,876.25,84.2229,121.003,165.174,154.475
56f17e9b3edc6a93538095ab866133a2,PRESENT_round_1-32_faultAt_29_fault_injections_2_seed_1579630418.cnf.xz,timeout,timeout,timeout,timeout,timeout,timeout,timeout,timeout,timeout,timeout,timeout,timeout,timeout,timeout,timeout,timeout,timeout,timeout,timeout,timeout,timeout,timeout,timeout,timeout,timeout,timeout,timeout,timeout,timeout,timeout,timeout,timeout,timeout,timeout,timeout,timeout,timeout,timeout,timeout,timeout,timeout,timeout,timeout,timeout,timeout,timeout
575fb26a2a0a978595fcb433192ae40f,vmpc_34.cnf.xz,timeout,timeout,timeout,timeout,1861.81,timeout,timeout,timeout,4530.6,4959.49,timeout,timeout,timeout,timeout,timeout,timeout,timeout,timeout,timeout,626.575,timeout,timeout,3563.96,4701.51,3308.12,3888.25,4663.33,1173.7,503.944,502.365,535.093,507.45,536.563,2645.81,1915.01,timeout,timeout,450.638,3988.68,2581.9,1362.71,timeout,587.098,448.856,1538.75,1245.34
5a2dbbe1331ef5f53d8eb11ed5db7b88,Mickey_out250_known_last146_0_u.cnf.xz,805.356,775.326,773.66,655.834,751.309,718.01,935.899,749.06,926.367,3371.1,1905.3,1091.21,627.802,607.417,703.947,905.952,609.211,timeout,827.275,484.002,590.963,845.59,1741.48,915.139,985.383,659.676,unverified,unverified,1083.01,1100.91,1611.24,633.733,2513.03,1047.24,398.111,733.913,1179.16,1388.24,1231.87,1096.52,1131.47,784.354,560.91,648.454,550.794,744.584
5a4c127f7f570f44b4c7a5cc0dcba0e9,arcfour_initialPermutation_5_32.cnf.xz,timeout,timeout,timeout,timeout,timeout,timeout,timeout,timeout,timeout,timeout,timeout,timeout,timeout,timeout,timeout,timeout,timeout,timeout,timeout,timeout,timeout,timeout,timeout,timeout,timeout,timeout,timeout,timeout,timeout,timeout,timeout,timeout,timeout,timeout,timeout,timeout,timeout,timeout,timeout,timeout,timeout,timeout,timeout,timeout,timeout,timeout
5a6988558882b13219eaef164b910c50,LED_round_1-32_faultAt_30_fault_injections_1_seed_1579630418.cnf.xz,timeout,timeout,timeout,timeout,timeout,timeout,timeout,timeout,timeout,timeout,4061.63,timeout,timeout,timeout,timeout,timeout,timeout,timeout,timeout,timeout,timeout,timeout,timeout,timeout,timeout,timeout,timeout,593.019,532.62,534.12,timeout,4184.29,timeout,timeout,timeout,timeout,542.939,458.604,478.757,2233.88,91.4119,timeout,434.687,488.467,398.593,450.519
5c94c790e62e8c351059ddc7e515730b,md4__zeroOut_22__freeIn_26__seed_1.cnf.xz,timeout,timeout,timeout,1227.44,timeout,timeout,timeout,315.308,timeout,timeout,timeout,timeout,2654.02,timeout,timeout,2623.73,4831.69,timeout,timeout,timeout,timeout,timeout,timeout,timeout,1318.61,timeout,timeout,timeout,timeout,timeout,3712.57,timeout,timeout,1743.15,timeout,4612.2,1796.27,timeout,timeout,timeout,timeout,timeout,timeout,timeout,569.013,timeout
5d29877251225a4d59cdf1f77f06b4ba,ssAES_4-4-8_round_1-10_faultAt_1_fault_injections_2_seed_1579630418.cnf.xz,timeout,timeout,timeout,timeout,timeout,timeout,timeout,timeout,timeout,timeout,timeout,timeout,timeout,timeout,timeout,timeout,timeout,timeout,timeout,timeout,timeout,timeout,timeout,timeout,timeout,timeout,timeout,timeout,timeout,timeout,timeout,timeout,timeout,timeout,timeout,timeout,timeout,timeout,timeout,timeout,timeout,timeout,timeout,timeout,timeout,timeout
5db9ad89579e8a56315bc3d3f7aecc8b,md5__zeroOut_18__freeIn_22__seed_2.cnf.xz,608.558,355.385,362.251,2708.23,363.887,256.506,3219.88,571.512,1118.5,timeout,timeout,630.538,730.003,3347.73,timeout,timeout,312.46,1165.53,4154.91,4303.92,53.8233,2171.57,43.7177,163.786,2659.88,605.527,742.876,timeout,2733.87,2733.98,1247.51,1464.41,2898.34,4791.15,1166.14,1275.64,4410.8,236.298,3014.04,1266.51,timeout,927.929,1697.65,2666.22,998.876,1069.52
5e66b728b2445ec69f27e0f1a49f4b29,006.cnf.xz,timeout,timeout,timeout,timeout,timeout,timeout,timeout,timeout,timeout,timeout,timeout,timeout,timeout,timeout,timeout,timeout,timeout,timeout,timeout,timeout,timeout,timeout,timeout,timeout,timeout,timeout,timeout,timeout,timeout,timeout,timeout,timeout,timeout,timeout,timeout,timeout,timeout,timeout,timeout,timeout,timeout,timeout,timeout,timeout,timeout,timeout
600a7f663100f499647734f2f035f081,ssAES_4-4-8_round_1-10_faultAt_7_fault_injections_1_seed_1579630418.cnf.xz,timeout,timeout,timeout,timeout,timeout,timeout,timeout,timeout,timeout,timeout,timeout,timeout,timeout,timeout,timeout,timeout,timeout,timeout,timeout,timeout,timeout,timeout,timeout,timeout,timeout,timeout,timeout,timeout,timeout,timeout,timeout,timeout,timeout,timeout,timeout,timeout,timeout,timeout,timeout,timeout,timeout,timeout,timeout,timeout,timeout,timeout
61dad4b72b4c02ff5a459e66aec0a109,md5__zeroOut_21__freeIn_25__seed_0.cnf.xz,timeout,timeout,timeout,timeout,138.965,timeout,timeout,timeout,timeout,3929.31,timeout,timeout,4498.18,timeout,timeout,timeout,timeout,timeout,timeout,timeout,2114.38,798.87,179.487,342.717,timeout,timeout,timeout,2103.84,timeout,timeout,timeout,timeout,timeout,timeout,timeout,timeout,timeout,timeout,timeout,timeout,timeout,4675.43,timeout,timeout,timeout,timeout
64e6bd3d139c32c5bbc0906c820713b9,cms-scheel-md4-families-r24-c6-p0-5-10-11-17-18.cnf.xz,1.59378,1.54014,1.54348,1.54069,1.53176,1.4104,1.76545,1.66528,1.48658,1617.62,774.999,4.93975,1.63456,1.50449,1.07269,1.14568,1.2251,1.03848,1.41066,1.43735,1.11948,1.16003,1.58871,1.8001,1.83606,73.5457,unverified,175.587,184.867,185.538,128.124,136.842,47.5395,119.803,75.661,0.996906,137.307,143.855,202.536,177.22,104.819,123.722,76.6987,130.739,64.1959,163.299
65daba7b1614fdbdf75b34d68953de64,sha1r17m147ABCD.cnf.xz,2847.51,2262.84,2244.23,4396.04,3092.34,3914.67,3742.57,3217.11,1047.53,timeout,timeout,1035.32,1008.02,4449.74,415.063,30.6623,1156.92,1043.16,704.408,931.145,1155.57,505.827,404.651,2880.07,1847.82,1304.29,89.7583,755.638,4267.74,850.717,1088.44,4005.2,2778.46,1115.72,2334.49,2912.61,311.625,553.576,timeout,1086.26,4142,355.461,1441.56,1676.87,828.487,430.753
65f479883df8bb8ff0eda0a85aa767a8,preimage_80r_491m_160h_seed_455.cnf.xz,timeout,timeout,timeout,timeout,timeout,timeout,timeout,timeout,timeout,timeout,timeout,timeout,timeout,timeout,timeout,timeout,1568.94,timeout,timeout,timeout,timeout,timeout,timeout,timeout,4591.67,timeout,4369.65,2883.86,timeout,timeout,timeout,timeout,timeout,timeout,timeout,timeout,timeout,4802.04,timeout,2908.12,timeout,615.501,timeout,timeout,timeout,timeout
67fb9f8a11855920f390fb4675479758,sha256__zeroOut_09__freeIn_13__seed_2.cnf.xz,2609,2030.45,2036.18,3267.95,2081.96,2379.47,2134.86,2998.06,2185.97,timeout,3750.68,2002.73,timeout,2890.93,3676.33,4825.28,3900.74,3413.73,timeout,timeout,timeout,2051.5,3990.45,timeout,timeout,207.576,167.63,519.231,470.57,472.668,577.13,327.882,1033.96,1505.29,3514.02,2116.95,293.933,609.117,1196.76,938.063,823.028,1209.89,537.337,363.218,636.44,610.04
68010f3ec433e259112327deb99da8fd,preimage_80r_489m_160h_seed_437.cnf.xz,timeout,timeout,timeout,timeout,timeout,timeout,timeout,timeout,timeout,timeout,timeout,timeout,timeout,timeout,timeout,timeout,2552.52,1720.61,timeout,timeout,timeout,timeout,1661.39,timeout,timeout,timeout,timeout,timeout,timeout,timeout,timeout,timeout,timeout,timeout,timeout,timeout,timeout,timeout,timeout,timeout,880.988,timeout,timeout,timeout,timeout,timeout
69aa66915df3f0ab59376e4f05451bd0,md5__zeroOut_12__freeIn_16__seed_2.cnf.xz,67.6419,158.133,159.206,100.979,129.359,54.0965,98.4924,89.4942,98.8946,202.735,245.295,68.3825,46.3045,44.4036,89.1082,45.0942,22.9014,59.499,21.9582,22.8725,30.4652,23.1774,47.6822,31.0149,15.6412,49.9058,49.9502,73.7943,129.016,129.132,37.6566,44.9741,30.2692,56.9749,68.2445,24.0013,60.2605,42.1337,56.5195,72.2518,47.4909,32.4259,30.742,46.7123,37.9091,62.4935
6cfbe40aef5061ce7ad323456fad2c06,Grain_no_init_ver1_out200_known_last104_0.cnf.xz,1414.06,646.252,641.747,1702.7,1261.23,1401.34,3450.41,1824.13,120.064,3005.32,2544.59,145.95,1506.85,74.5095,960.039,926.256,683.94,1256.93,824.701,134.572,347.63,362.867,233.284,timeout,236.381,163.078,138.032,1493.6,1796.69,2843.22,1736.03,163.389,1703.47,1737.7,577.894,234.38,804.782,281.656,279.877,976.846,395.861,1046.32,550.485,1677.96,1532.18,204.124
6dd7c7a9c27a55ae289b1b2f49cdaf66,sha256__zeroOut_13__freeIn_17__seed_0.cnf.xz,2057.93,2687.76,2702.49,2739.03,3465.53,2424.8,2842.41,2333.35,2702.2,3605.33,timeout,2896.49,timeout,3027.53,timeout,timeout,3083.36,3834.22,timeout,timeout,timeout,4008.61,timeout,timeout,timeout,744.194,706.897,514.86,1065.87,1070.58,1256.26,1417.59,437.197,1469.55,3604.42,2917.08,592.44,949.342,783.037,1166.76,635.936,1070.85,893.57,811.079,595.837,688.032
6e792d345b2ef27f082ac3eb7186aa56,mp1-22.7.cnf.xz,timeout,timeout,timeout,timeout,timeout,timeout,timeout,timeout,timeout,2365.13,timeout,90.9946,timeout,timeout,438.556,timeout,247.282,timeout,2630.59,timeout,420.656,228.174,586.662,1715.2,timeout,2012.39,3103.21,1666.45,395.361,401.008,281.824,958.919,279.883,4151.05,2337.86,1142.24,608.001,1464.65,2063.01,2233.21,375.214,593.908,3959.32,1728.75,4337.43,2009.48
6eab13500990fd9c1c94f9cf2251303b,ssAES_4-4-8_round_8-10_faultAt_8_fault_injections_2_seed_1679459050.cnf.xz,timeout,3246.39,3252.7,timeout,3550.02,2717.81,timeout,3552.62,4717.31,timeout,timeout,timeout,timeout,timeout,timeout,timeout,timeout,timeout,timeout,timeout,timeout,timeout,timeout,4897.18,timeout,timeout,timeout,timeout,timeout,timeout,timeout,timeout,timeout,timeout,timeout,timeout,timeout,timeout,timeout,timeout,timeout,timeout,timeout,timeout,timeout,timeout
6f00356d70211d5b462e1170dc1f813a,combined-crypto1-wff-seed-26-wffvars-450-cryptocplx-40-overlap-2.cnf.xz,496.55,1677.38,1690.74,3485.89,3340.21,2579.34,576.651,3858.48,timeout,timeout,timeout,318.707,3372.14,timeout,211.402,1386.36,1185.69,1082.47,111.064,20.4987,42.6063,52.4794,350.709,184.81,211.196,91.4362,141.005,144.581,120.222,173.569,timeout,timeout,timeout,timeout,373.694,398.977,987.87,143.792,158.188,271.274,60.6,2141.93,103.375,76.96,114.68,249.992
6f629d31c27a82c260f004ef4cd8b608,sha256__zeroOut_05__freeIn_09__seed_0.cnf.xz,1161.97,889.364,890.669,772.027,882.758,1044.96,294.829,351.029,274.173,3507.16,2173.5,549.668,851.54,1108.78,2274.01,2478.21,2083.99,612.084,2208.44,2658.92,2191.44,1277.32,1587.45,1651.76,707.841,573.103,213.536,357.391,241.795,242.809,229.188,439.499,461.549,989.069,1711.51,1374.05,173.647,448.495,607.556,859.753,215.927,423.218,382.421,90.5488,365.65,270.012
72e0faa084b21e3651cc8fb55d674f17,aes_128_1_keyfind_2.cnf.xz,timeout,timeout,timeout,timeout,timeout,timeout,timeout,timeout,timeout,timeout,timeout,timeout,timeout,timeout,timeout,timeout,timeout,timeout,timeout,timeout,timeout,timeout,timeout,timeout,timeout,timeout,timeout,timeout,timeout,timeout,timeout,timeout,timeout,timeout,timeout,timeout,timeout,timeout,timeout,timeout,timeout,timeout,timeout,timeout,timeout,timeout
730ac66086ab89751ccb641b4e212230,arcfour_initialPermutation_6_15.cnf.xz,615.187,413.639,406.696,550.378,524.324,501.664,486.234,565.967,570.579,3548.65,3814.97,952.267,482.674,514.6,528.569,547.501,505.191,613.06,562.069,509.107,492.244,546.962,589.597,619.141,594.687,755.61,unverified,unverified,822.684,814.582,795.88,824.351,780.972,777.933,758.616,752.367,874.651,906.981,877.177,809.334,809.559,829.598,849.663,858.528,854.881,863.106
773008bdac98754a97b1f5f703449f14,combined-crypto1-wff-seed-32-wffvars-450-cryptocplx-40-overlap-2.cnf.xz,75.1922,274.383,284.436,90.2809,322.42,779.102,604.737,40.4014,332.209,timeout,timeout,327.73,656.764,timeout,1248.35,93.2854,34.068,553.885,14.9847,26.763,32.1042,93.1206,371.891,326.02,255.123,19.2012,163.476,89.5827,392.618,244.913,598.415,timeout,601.255,599.282,205.693,194.023,202.038,138.43,252.523,279.135,36.3296,955.545,63.5302,105.038,87.9352,66.5065
77a4fb9d8a7947ee4a6c5d0ccf26c636,md4__zeroOut_21__freeIn_25__seed_2.cnf.xz,timeout,100.255,96.6154,2664.8,463.53,2787.82,99.5045,672.169,3662.23,468.677,timeout,timeout,1160.18,157.545,timeout,timeout,timeout,2977.58,timeout,1855.74,timeout,timeout,500.9,timeout,timeout,921.174,timeout,timeout,timeout,timeout,timeout,timeout,timeout,887.983,4149.04,timeout,3448.13,timeout,timeout,2911.3,timeout,3437.76,2060.36,timeout,timeout,timeout
7a14b69652e47a41d6d5d008a4a2aba9,LED_round_1-32_faultAt_30_fault_injections_2_seed_1579630418.cnf.xz,timeout,timeout,timeout,timeout,timeout,timeout,timeout,timeout,timeout,timeout,timeout,timeout,timeout,timeout,timeout,timeout,timeout,timeout,timeout,timeout,timeout,timeout,timeout,timeout,1503.75,timeout,404.596,386.958,476.086,474.624,timeout,timeout,timeout,timeout,timeout,timeout,547.053,477.602,397.417,448.048,135.264,timeout,503.136,451.379,456.918,407.893
7b5421c2f188612176495fc089237fc4,ssAES_4-4-4_round_8-10_faultAt_8_fault_injections_2_seed_3482311264.cnf.xz,88.6982,45.1358,45.306,96.8393,89.7135,75.9198,153.997,76.6572,93.2271,408.742,979.402,79.328,132.997,64.282,155.819,2022.17,125.803,802.514,390.756,134.493,159.93,138.197,43.8419,75.3105,7.16877,87.7335,206.311,105.982,86.0568,86.8216,55.1648,197.345,75.9468,53.9191,33.5981,41.91,130.866,272.334,390.876,92.3682,298.593,103.983,76.3294,103.152,72.0842,157.677
7d2199baf2526263b5f753d290d2790b,md4__zeroOut_19__freeIn_23__seed_2.cnf.xz,817.547,2429.34,2427.48,755.261,22.3159,380.181,1871.44,123.453,timeout,timeout,1563.32,timeout,347.927,2717.55,580.909,1594.72,1171.9,183.984,1415.68,424.463,739.489,680.361,473.835,1709.75,504.332,1141.53,875.172,3252.17,1671.54,1704.55,1308.58,132.817,1439.07,timeout,4197.17,2919.34,timeout,351.23,4574.96,1085.01,2682.51,timeout,2292.53,303.333,1147.54,2282.32
81b1006501379ec16fd22f047b78556f,Grain_no_init_ver1_out200_known_last105_0.cnf.xz,538.04,460.063,460.394,472.078,25.4317,883.241,1131.1,942.921,59.8901,1237.67,3183.75,1269.66,741.524,512.076,102.603,639.195,739.648,32.2649,630.147,204.57,268.427,47.9538,36.5763,timeout,36.6891,685.931,545.053,1128.05,2998.02,timeout,231.834,63.54,232.986,235.229,61.68,179.624,3402.99,1403.65,347.629,494.194,79.2666,1953.99,99.1827,2348.81,1754.88,2346.45
81b92549ad1ba085b445fdcd9c63a08a,md4__zeroOut_21__freeIn_25__seed_0.cnf.xz,timeout,timeout,timeout,timeout,262.702,timeout,3588.78,timeout,3687.5,timeout,timeout,816.723,timeout,timeout,3104.21,timeout,4205.96,3831.95,timeout,1830.15,timeout,timeout,timeout,timeout,timeout,timeout,timeout,timeout,1226.91,1227.18,204.214,timeout,timeout,timeout,1053.82,3874.38,timeout,4730.61,timeout,4038.09,timeout,timeout,2682.8,3719.84,timeout,1812.17
842e012d4ef31f3c62f3c58ae04254b1,ssAES_4-4-4_round_1-10_faultAt_8_fault_injections_1_seed_1564286498.cnf.xz,timeout,timeout,timeout,timeout,timeout,timeout,timeout,timeout,timeout,timeout,timeout,timeout,timeout,timeout,timeout,timeout,timeout,timeout,timeout,timeout,timeout,timeout,timeout,timeout,timeout,timeout,2802.82,timeout,timeout,timeout,timeout,timeout,timeout,timeout,timeout,timeout,timeout,timeout,timeout,timeout,timeout,timeout,timeout,timeout,timeout,timeout
857e6b7426ce8861e9527d0f4a68d504,g2-gss-38-s100.cnf.xz,timeout,timeout,timeout,timeout,timeout,timeout,timeout,timeout,timeout,timeout,timeout,timeout,timeout,timeout,timeout,timeout,timeout,timeout,timeout,timeout,timeout,timeout,timeout,timeout,timeout,timeout,timeout,timeout,timeout,timeout,timeout,timeout,timeout,timeout,timeout,timeout,timeout,timeout,timeout,timeout,timeout,timeout,timeout,timeout,timeout,timeout
85eff8b62cfe07b8059238662d93f468,sha1__zeroOut_04__freeIn_08__seed_1.cnf.xz,118.906,46.5162,46.6744,45.3243,14.3193,65.1547,133.48,20.4523,110.96,495.568,205.028,51.6798,124.273,23.6498,20.7031,99.7162,50.4133,14.4694,36.4969,138.114,121.222,73.8529,74.1706,53.5288,61.1801,64.6857,90.3583,111.297,25.9822,26.5242,48.3033,51.0352,44.871,49.6644,32.6971,28.8348,48.9304,36.82,74.2693,104.882,86.262,45.7059,23.4187,24.085,52.7943,53.3307
864d71fe8c05b7c80999c97550d76e8f,sha256__zeroOut_08__freeIn_12__seed_0.cnf.xz,3109.58,1896.04,1890.93,2770.57,3484.32,2126.75,3419.2,2491.57,2141.06,4852.36,timeout,1471.32,timeout,823.212,timeout,timeout,4082.54,3686.1,timeout,4021.52,timeout,2235.96,timeout,timeout,timeout,752.354,324.951,618.589,542.28,542.611,803.768,780.094,1429.19,1716.92,495.369,timeout,527.783,326.02,660.865,1079.34,663.933,1081.66,576.422,567.773,594.88,1325.6
8b141f5fc849ce238d1c1781919243f3,combined-crypto1-wff-seed-109-wffvars-500-cryptocplx-31-overlap-2.cnf.xz,85.1687,timeout,timeout,438.884,395.217,timeout,374.785,482.249,2830.72,timeout,timeout,146.276,607.738,timeout,113.455,timeout,227.279,566.826,389.555,3.58311,23.6346,604.251,297.527,276.211,4583.1,149.4,3716.98,1473.21,202.574,1161.55,427.882,timeout,426.187,419.777,123.829,1774.06,184.999,173.641,251.609,1784.58,6.05971,871.215,107.445,76.263,120.126,111.69
8b9ed718022b0840e19047a9c6d95510,md5_47_4.cnf.xz,27.5911,37.2667,36.9899,123.013,16.0111,32.3767,21.2318,168.831,203.404,1507.66,1942.4,52.6526,54.0619,16.7103,210.469,118.901,47.5812,368.038,140.915,96.439,102.815,185.276,168.768,21.5771,55.0695,353.273,139.609,117.903,484.884,488.874,845.974,873.415,123.809,617.498,177.068,40.0346,550.213,186.543,1691.17,162.129,860.45,347.828,618.809,137.306,2222.89,127.872
8bab516f1a44b1f0183675b51ab1c87f,sha256__zeroOut_00__freeIn_04__seed_0.cnf.xz,0.90885,0.944532,0.942171,0.928079,0.917102,0.924867,0.968021,0.907952,0.910028,103.099,155.16,27.0097,0.987301,0.905955,54.0668,239.868,72.8452,61.1441,74.6754,38.7291,48.282,34.2889,59.5369,32.0835,42.4805,11.9009,52.4002,19.888,31.9809,32.8318,50.62,43.9169,71.7716,69.0913,6.13688,11.1821,24.0296,37.9894,34.1722,25.6786,33.1816,16.5886,4.18096,4.3522,4.17536,3.91613
8bc05816923b7e9e01d88c2fae53f5b0,mp1-22.4.cnf.xz,timeout,3753.71,3745.31,timeout,timeout,timeout,timeout,timeout,timeout,timeout,timeout,2341,2045.27,timeout,timeout,3515.9,263.569,timeout,timeout,2947.21,204.594,4109.3,timeout,1802.02,2076.51,2140.27,526.911,729.057,timeout,timeout,1288.1,793.925,timeout,timeout,2155.06,1374.61,3044.89,4267.79,377.674,timeout,743.997,timeout,322.429,3725.01,2908.86,1835.18
8cee9847937e159c08f6625b4339c8c6,ssAES_4-4-8_round_8-10_faultAt_8_fault_injections_2_seed_2079823532.cnf.xz,timeout,timeout,timeout,4225.31,timeout,4006.86,timeout,3744,timeout,timeout,timeout,timeout,2033.03,3694.23,4020.1,timeout,timeout,timeout,timeout,timeout,timeout,timeout,timeout,timeout,timeout,timeout,timeout,timeout,timeout,timeout,timeout,timeout,timeout,timeout,1330.7,timeout,timeout,timeout,timeout,timeout,timeout,timeout,timeout,timeout,timeout,timeout
8f09e4ff82c040b6506f5f3df9f2d235,combined-crypto1-wff-seed-105-wffvars-500-cryptocplx-31-overlap-2.cnf.xz,447.229,timeout,timeout,352.415,62.1278,timeout,398.801,65.9026,366.466,timeout,timeout,150.201,867.075,timeout,18.9374,108.836,108.566,235.7,100.847,50.2611,222.681,107.525,742.367,299.813,462.392,51.1945,113.687,115.893,125.759,123.01,4235.93,timeout,timeout,2490.34,67.4425,13.4378,79.3165,114.586,138.067,250.026,7.84775,846.017,117.754,122.469,113.152,227.51
8f967d0165ecb9a7b07af4d168fb7f5a,aes_equiv_encry_2_rounds.debugged.cnf.xz,193.169,190.142,192.768,179.176,191.906,154.924,155.072,210.75,191.4,4051.94,4590.79,207.518,2600.77,214.9,495.432,193.431,156.632,110.08,513.101,745.202,506.745,147.015,160.318,312.185,163.505,780.197,unverified,unverified,495.016,496.553,218.393,573.704,260.647,221.694,133.853,117.944,462.511,595.809,425.033,573.328,452.582,369.872,490.279,577.561,445.605,492.895
92206f6125ae2efae218cf19d576bc07,sha1r17m147ABCD_p.cnf.xz,459.484,79.0089,76.468,1213.54,2479.81,3283.2,4538.58,1553.38,407.684,3958.47,4106.95,185.29,512.948,3844.72,556.5,927.913,266.349,987.75,882.493,465.517,1508.25,1230.3,588.548,3148.85,2285.94,697.674,846.112,86.4683,194.935,202.449,3413.28,2064,3631.27,556.845,4109.05,519.169,3995.15,timeout,timeout,1904.31,437.661,2282.47,144.246,757.266,2126.08,810.685
94e7792960c663ae1253cd3dfea71c9d,ssAES_4-4-8_round_8-10_faultAt_8_fault_injections_2_seed_1314722062.cnf.xz,3451.83,3621.38,3640.03,timeout,timeout,3479.94,timeout,timeout,timeout,timeout,timeout,timeout,timeout,timeout,timeout,timeout,timeout,timeout,timeout,timeout,timeout,timeout,timeout,timeout,1675.66,timeout,timeout,timeout,timeout,timeout,timeout,timeout,timeout,timeout,1503.09,timeout,timeout,timeout,timeout,timeout,timeout,timeout,timeout,timeout,3780.85,timeout
9586cd6b322e00831ee5548436511fb1,sha1r17m72a_p.cnf.xz,139.931,423.864,433.411,534.395,123.025,621.209,1425.6,592.403,656.03,1458.33,867.248,158.704,80.1022,231.811,251.258,126.789,378.318,345.21,148.27,276.021,537.477,259.784,17.6958,59.7714,17.8715,266.023,440.734,491.954,616.835,430.035,92.2133,46.0546,95.9712,90.9044,551.672,293.117,699.322,236.665,479.613,129.056,180.874,1675.97,652.318,436.939,162.467,364.326
9714ff5cfbd6908762fc1bedb6c23374,md4__zeroOut_15__freeIn_19__seed_1.cnf.xz,110.743,91.4033,92.3212,17.2517,249.173,20.6147,192.595,109.402,87.769,314.922,477.864,34.4421,27.9825,53.448,21.356,60.8014,120.565,83.8665,23.5615,77.651,22.2888,207.665,158.286,13.3645,137.631,346.393,107.118,46.3493,85.2525,85.4774,289.645,277.513,185.666,102.54,37.8607,131.713,88.1754,49.7116,18.6858,132.2,95.7582,231.825,428.446,76.1097,39.7634,105.773
984ea1bfba9eae8bf1c21672ca25e885,sha1__zeroOut_20__freeIn_24__seed_0.cnf.xz,3731.85,timeout,timeout,timeout,840.53,4499.54,timeout,timeout,timeout,timeout,timeout,timeout,1100.69,timeout,timeout,timeout,timeout,3833.71,4471.6,timeout,860.163,timeout,timeout,timeout,timeout,timeout,4665.8,3681.72,timeout,timeout,timeout,2377.55,timeout,timeout,timeout,3373.61,timeout,timeout,4472.64,timeout,timeout,timeout,timeout,timeout,4945.06,timeout
9a4e05c9741963618893549d1a03f5d0,md4__zeroOut_16__freeIn_20__seed_2.cnf.xz,140.321,107.231,109.934,269.464,127.156,152.943,28.0271,33.3229,74.7166,1619.81,4089.19,660.782,322.666,156.625,16.6792,101.441,32.3029,39.6634,47.9566,90.0446,183.15,213.604,83.9933,252.325,239.364,87.8764,67.4602,491.409,261.24,260.753,26.2093,336.877,550.765,368.192,470.116,51.9638,160.543,975.604,201.067,379.278,193.877,660.365,218.653,870.094,77.5684,75.345
9b3ca1389f989ebf68bffd2cd649395b,hitag2-8-60-0-0x880693399044612-25-SAT.cnf.xz,795.443,timeout,timeout,timeout,timeout,3759.65,timeout,337.517,timeout,timeout,timeout,timeout,2508.31,4282.21,361.103,5.82219,19.5685,timeout,timeout,timeout,4694.53,3497.78,timeout,537.082,timeout,timeout,1907.67,3425.54,3591.99,994.889,timeout,timeout,timeout,timeout,764.347,timeout,1737.92,timeout,timeout,1589.33,4616.28,timeout,2236.33,193.415,608.606,4066.35
9ee9f18f9057c696a5a6f74e9970ff2e,ssAES_4-4-8_round_8-10_faultAt_8_fault_injections_5_seed_1579630418.cnf.xz,timeout,timeout,timeout,timeout,timeout,timeout,timeout,4638.88,timeout,timeout,timeout,timeout,timeout,4695.09,timeout,timeout,timeout,timeout,timeout,timeout,timeout,timeout,timeout,timeout,timeout,timeout,timeout,timeout,timeout,timeout,timeout,timeout,timeout,timeout,timeout,3558.8,timeout,timeout,timeout,timeout,timeout,timeout,timeout,timeout,timeout,timeout
9efb0648407d77586c9ca36818468f44,LED_round_1-32_faultAt_30_fault_injections_10_seed_1579630418.cnf.xz,timeout,timeout,timeout,timeout,timeout,timeout,timeout,timeout,timeout,timeout,timeout,timeout,timeout,timeout,timeout,timeout,timeout,timeout,timeout,timeout,timeout,timeout,timeout,timeout,2341.13,timeout,timeout,timeout,timeout,timeout,timeout,timeout,1031.4,timeout,timeout,timeout,1018.35,timeout,475.428,559.685,78.8633,timeout,timeout,2798.12,timeout,1883.93
9f7b07a2434f2147b6e2a2a74214b211,md4__zeroOut_14__freeIn_18__seed_2.cnf.xz,84.8536,33.1617,33.1474,7.00253,30.2032,90.5236,208.138,61.4819,35.5328,681.543,120.482,15,55.2026,37.6399,104.031,29.0746,75.3688,174.717,35.1998,62.821,107.76,70.298,71.325,47.1436,237.096,150.394,36.7903,50.141,51.1835,51.911,31.628,32.9512,66.4969,77.6011,42.7254,39.5584,148.176,96.1791,258.247,91.655,713.542,251.482,174.982,65.338,61.2062,109.209
a457b9542414214b9daa00381d3155f5,ASG_72_keystream76_1.cnf.xz,1540.45,719.101,683.019,878.413,297.062,946.859,701.599,939.757,945.413,timeout,timeout,1107.67,177.327,1390.51,847.252,100.574,309.11,444,926.23,518.663,432.524,154.412,883.038,1796.58,136.979,240.403,2534.61,2395.93,2815.15,2407.11,681.237,2937.91,700.587,678.634,144.579,262.492,858.264,157.832,3929.88,2957.78,340.992,2612.92,846.351,803.716,957.02,537.102
a4efbba2fd80c504dbeebcf96bff9752,sha1__zeroOut_23__freeIn_27__seed_0.cnf.xz,timeout,timeout,timeout,timeout,timeout,timeout,timeout,timeout,timeout,timeout,timeout,timeout,timeout,timeout,timeout,timeout,timeout,timeout,timeout,timeout,timeout,timeout,timeout,timeout,timeout,timeout,timeout,timeout,timeout,timeout,timeout,timeout,timeout,timeout,timeout,timeout,4581.82,timeout,timeout,timeout,timeout,timeout,timeout,timeout,655.339,timeout
a63717cf71e4582f172eadb0582bf250,sha1__zeroOut_19__freeIn_23__seed_1.cnf.xz,4612.82,timeout,timeout,timeout,timeout,2414.01,timeout,1539.82,4937.23,timeout,3002,timeout,timeout,timeout,timeout,2935.79,timeout,timeout,timeout,timeout,timeout,timeout,1231.95,timeout,timeout,timeout,661.997,timeout,timeout,timeout,timeout,timeout,timeout,3830.62,2732.62,2253.19,1842.59,timeout,timeout,timeout,timeout,timeout,timeout,timeout,timeout,timeout
a730eba7f8e488b74cbc009407f49f50,sha256__zeroOut_19__freeIn_23__seed_1.cnf.xz,timeout,timeout,timeout,timeout,timeout,timeout,timeout,timeout,timeout,timeout,3745.92,4377.75,timeout,timeout,timeout,timeout,timeout,4751.08,timeout,timeout,timeout,timeout,timeout,timeout,timeout,timeout,timeout,timeout,3937.43,3976.85,timeout,2461.71,timeout,timeout,timeout,timeout,timeout,timeout,1056.15,timeout,916.284,timeout,3301.74,timeout,timeout,3464.66
a7841d5172a4f5f4d1104bf720caefae,g2-gss-30-s100.cnf.xz,timeout,timeout,timeout,timeout,timeout,timeout,timeout,timeout,timeout,timeout,timeout,timeout,timeout,timeout,timeout,timeout,timeout,timeout,timeout,timeout,timeout,timeout,timeout,timeout,timeout,timeout,timeout,timeout,timeout,timeout,timeout,timeout,timeout,timeout,timeout,timeout,timeout,timeout,timeout,timeout,timeout,timeout,timeout,timeout,timeout,timeout
a7c09938b19b47648cb6415eb5ddfd30,ssAES_4-4-4_round_7-10_faultAt_7_fault_injections_2_seed_3482311264.cnf.xz,timeout,timeout,timeout,timeout,timeout,timeout,timeout,timeout,timeout,timeout,timeout,timeout,timeout,timeout,timeout,timeout,timeout,timeout,timeout,timeout,timeout,timeout,timeout,timeout,timeout,timeout,timeout,timeout,timeout,timeout,timeout,timeout,timeout,timeout,timeout,timeout,timeout,timeout,timeout,timeout,timeout,timeout,timeout,timeout,timeout,timeout
a87f0865445994906585600eae553474,001.cnf.xz,timeout,timeout,timeout,timeout,timeout,timeout,timeout,timeout,timeout,timeout,timeout,timeout,timeout,timeout,timeout,timeout,timeout,timeout,timeout,timeout,timeout,timeout,timeout,timeout,timeout,timeout,timeout,timeout,timeout,timeout,timeout,timeout,timeout,timeout,timeout,timeout,timeout,timeout,timeout,timeout,timeout,timeout,timeout,timeout,timeout,timeout
a913a2365c8167b9ddbc1e11afbab314,vmpc_35.renamed-as.sat05-1921.cnf.xz,timeout,timeout,timeout,timeout,timeout,timeout,timeout,timeout,timeout,4768.64,timeout,timeout,timeout,4888.28,timeout,timeout,timeout,timeout,timeout,timeout,timeout,0.386136,timeout,timeout,timeout,timeout,1563.48,396.351,3545.55,3542.84,2301.55,timeout,timeout,timeout,timeout,timeout,timeout,345.225,timeout,4549.8,3045.35,timeout,timeout,timeout,4172.87,3881.55
a980ab3741bce296b9b72fd61faef688,004.cnf.xz,timeout,timeout,timeout,timeout,timeout,timeout,timeout,timeout,timeout,timeout,timeout,timeout,timeout,timeout,timeout,timeout,timeout,timeout,timeout,timeout,timeout,timeout,timeout,timeout,timeout,timeout,timeout,timeout,timeout,timeout,timeout,timeout,timeout,timeout,timeout,timeout,timeout,timeout,timeout,timeout,timeout,timeout,timeout,timeout,timeout,timeout
a9af7d6a6d977c953478e4bba08776a8,ssAES_4-4-8_round_8-10_faultAt_8_fault_injections_2_seed_1328121752.cnf.xz,timeout,timeout,timeout,timeout,3278.08,4930.25,timeout,timeout,timeout,timeout,timeout,timeout,timeout,timeout,timeout,timeout,timeout,timeout,timeout,timeout,2477.16,timeout,timeout,timeout,timeout,timeout,timeout,timeout,timeout,timeout,timeout,timeout,timeout,2712.16,timeout,timeout,timeout,timeout,timeout,timeout,timeout,2332.82,timeout,timeout,timeout,timeout
ab045d95555fad4b4156c7083fa66977,cms-scheel-md5-families-r24-c5-p2-7-8-15-19.cnf.xz,275.905,246.902,241.491,1028.99,249.01,1097.9,1173.31,1200.43,1344.36,3020.78,723.827,587.891,489.923,1324.2,669.487,4218.29,211.639,timeout,375.422,222.154,179.218,228.432,82.1784,144.661,181.105,247.005,271.917,212.583,214.581,213.249,358.993,479.707,259.527,173.641,159.526,181.921,185.237,310.258,237.723,428.042,359.955,277.449,197.242,221.359,179.984,207.187
abf70f7bc6a7a7c891f4155b5a10b66f,combined-crypto1-wff-seed-129-wffvars-500-cryptocplx-31-overlap-2.cnf.xz,1501.16,1684.32,1686.97,timeout,12.2151,timeout,754.29,4703.35,2526,timeout,timeout,297.751,timeout,timeout,155.875,4578.53,181.763,1845.67,2042.43,49.8839,541.227,84.8957,timeout,594.212,83.2286,33.1477,93.9817,95.7591,153.844,149.559,timeout,timeout,timeout,timeout,155.311,478.113,146.57,177.993,153.62,235.537,6.49717,877.478,116.068,125.518,118.44,109.443
ad1a3c12aeb696e4a4f6988430b8abe6,ssAES_4-4-4_round_8-10_faultAt_8_fault_injections_2_seed_1564286498.cnf.xz,235.37,59.1662,60.3185,79.004,232.542,60.0716,103.001,66.5522,51.3976,3106.6,3748.86,146.97,91.1173,258.281,283.282,74.3742,115.242,296.494,453.428,780.246,294.568,24.4679,65.0269,22.452,8.79509,343.858,176.796,150.744,134.953,134.203,161.337,277.1,68.288,160.318,64.0775,37.9518,52.9532,151.504,176.143,121.154,159.932,144.714,72.8914,65.526,75.6325,342.219
ae1297b45c60929765a002a59e58ca85,cms-scheel-md5-families-r24-c4-p1-3-4-16.cnf.xz,246.978,69.0861,68.9342,49.1526,67.6549,16.4053,20.4492,13.3692,51.7975,196.056,314.009,37.2849,29.8891,247.714,36.8603,556.336,47.1817,1105.28,24.6345,25.214,51.6913,33.4024,30.0089,49.6501,28.3606,35.2405,25.6208,59.6311,47.7978,48.2773,45.1177,69.0377,49.5283,19.6845,18.9171,38.19,26.5474,48.2705,54.2947,69.3,34.8937,51.2113,37.3763,56.7526,56.8762,46.0614
aedae96e0c8165005c51e44e232f548f,sha1r17m63a.cnf.xz,77.2392,393.033,390.995,574.496,18.7004,353.471,584.804,364.186,21.1039,3258.02,235.388,177.194,785.158,103.073,89.6375,290.184,33.0714,449.348,201.381,31.9178,432.63,257.092,410.565,475.153,79.9039,1271.65,568.044,583.735,399.099,453.631,180.603,511.441,176.18,189.319,206.583,162.486,159.662,545.297,602.226,554.933,191.038,525.826,518.83,1206.21,168.86,153.343
afbcf4aa411e490ec396974f049219c3,ssAES_4-4-8_round_8-10_faultAt_8_fault_injections_3_seed_1579630418.cnf.xz,timeout,timeout,timeout,timeout,timeout,timeout,timeout,timeout,timeout,timeout,timeout,timeout,timeout,timeout,timeout,timeout,timeout,timeout,timeout,timeout,timeout,timeout,timeout,timeout,timeout,timeout,timeout,timeout,timeout,timeout,timeout,timeout,timeout,timeout,2613.68,timeout,timeout,timeout,timeout,timeout,timeout,timeout,timeout,timeout,timeout,timeout
b177cff2c2df9dda3a5776ceccd424d1,md4__zeroOut_23__freeIn_27__seed_0.cnf.xz,timeout,timeout,timeout,4316.41,timeout,2439.75,timeout,timeout,timeout,timeout,timeout,2290.88,timeout,timeout,timeout,timeout,timeout,timeout,1739.16,timeout,timeout,timeout,timeout,2189.72,timeout,timeout,timeout,262.987,timeout,timeout,timeout,timeout,timeout,timeout,timeout,timeout,timeout,timeout,timeout,timeout,timeout,2052.6,timeout,timeout,timeout,timeout
b2585a6028cc99036b5837727ecf8336,vmpc_29.cnf.xz,2142.4,555.713,560.944,3963.08,1975.11,2970.21,3676.67,344.543,4810.93,513.251,593.236,455.674,2326.5,4400.42,timeout,31.7963,2.91867,3883.35,585.712,timeout,49.9695,timeout,2509.12,177.115,2553.3,445.429,208.05,612.832,121.981,121.218,46.3733,267.759,46.7159,339.701,259.825,4125.55,595.062,178.775,121.099,216.993,337.379,timeout,650.831,243.905,377.021,306.18
b400a6a6df469de88e60760d5027dc01,preimage_80r_493m_160h_seed_137.cnf.xz,timeout,timeout,timeout,3697.19,3063.97,timeout,202.005,3925.65,1805.03,timeout,timeout,522.302,3221.22,412.443,3382.03,1172.86,3046.28,2892.85,373.095,94.8845,4077.1,3095.28,152.077,1026.04,3823.74,2782.82,1254.79,timeout,timeout,timeout,timeout,4942.68,timeout,799.536,3514.95,2294.5,timeout,3163.66,1798.53,timeout,701.776,1034.28,3746.3,timeout,2483.88,timeout
b49f6cdd43403dbd9cfc9cb8312c15c1,LED_round_1-32_faultAt_30_fault_injections_5_seed_1579630418.cnf.xz,timeout,timeout,timeout,timeout,timeout,timeout,timeout,timeout,timeout,timeout,timeout,timeout,timeout,timeout,timeout,timeout,timeout,timeout,timeout,timeout,timeout,2931.85,timeout,timeout,timeout,187.566,1541.33,81.2387,774.959,781.25,timeout,timeout,timeout,timeout,timeout,timeout,547.918,461.569,34.1296,1260.24,53.6462,53.6591,489.118,519.088,402.394,539.952
b6aaf75f33182b25043bbfcd63d8a89b,aes_128_2_keyfind_2.cnf.xz,timeout,timeout,timeout,timeout,timeout,timeout,timeout,timeout,timeout,timeout,timeout,timeout,timeout,timeout,timeout,timeout,timeout,timeout,timeout,timeout,timeout,timeout,timeout,timeout,timeout,timeout,timeout,timeout,timeout,timeout,timeout,timeout,timeout,timeout,timeout,timeout,timeout,timeout,timeout,timeout,timeout,timeout,timeout,timeout,timeout,timeout
b6f64d7d910d1f47bbfec7422aefc436,preimage_80r_493m_160h_seed_185.cnf.xz,1412.29,2204.66,2207.67,260.003,704.059,349.722,2545.61,4991.26,1963.5,timeout,timeout,1566.23,3919.77,3531.81,3078.26,4621.3,2641.31,2166.64,797.413,357.751,2142.55,254.582,997.543,978.959,3211.31,767.821,1453.9,1860.14,1748.14,1746.42,4454.09,timeout,timeout,4012.15,2311.97,3921.62,3716.45,91.6684,1934.93,timeout,1942.68,811.38,1758.56,timeout,3139.31,1359.57
b759e541cce6fa03b061f56985845ee4,combined-crypto1-wff-seed-25-wffvars-450-cryptocplx-40-overlap-2.cnf.xz,4698.02,228.911,235.084,524.637,50.0768,533.983,549.088,3455.02,3.15745,timeout,timeout,67.1616,111.945,timeout,5.35548,325.682,117.975,295.824,61.3475,55.6824,46.4923,18.6543,114.493,109.795,330.899,22.4639,117.531,151.474,195.156,218.129,1466.4,timeout,1864.13,1454.11,149.384,22.9225,193.463,153.543,174.499,292.836,66.5021,1048.42,66.0997,123.328,97.0522,105.482
b7d13b7f71e875221e0d4ccb9a48954e,LED_round_1-32_faultAt_1_fault_injections_1_seed_1579630418.cnf.xz,timeout,timeout,timeout,timeout,timeout,timeout,timeout,timeout,timeout,timeout,timeout,timeout,timeout,timeout,timeout,timeout,timeout,timeout,timeout,timeout,timeout,timeout,timeout,timeout,timeout,timeout,timeout,timeout,timeout,timeout,timeout,timeout,timeout,timeout,timeout,timeout,timeout,timeout,timeout,timeout,timeout,timeout,timeout,timeout,timeout,timeout
b7fcf471bfeb3fd4659691faaf9de098,ssAES_4-4-8_round_1-10_faultAt_1_fault_injections_1_seed_1579630418.cnf.xz,timeout,timeout,timeout,timeout,timeout,timeout,timeout,timeout,timeout,timeout,timeout,timeout,timeout,timeout,timeout,timeout,timeout,timeout,timeout,timeout,timeout,timeout,timeout,timeout,timeout,timeout,timeout,timeout,timeout,timeout,timeout,timeout,timeout,timeout,timeout,timeout,timeout,timeout,timeout,timeout,timeout,timeout,timeout,timeout,timeout,timeout
b8ae7c7e2e2cfc69998ff1e510fc2afc,vmpc_36.renamed-as.sat05-1922.cnf.xz,timeout,170.662,161.737,timeout,timeout,timeout,timeout,901.324,timeout,timeout,timeout,timeout,timeout,timeout,timeout,timeout,timeout,timeout,timeout,timeout,timeout,timeout,timeout,timeout,timeout,348.613,4973.55,timeout,4986.85,timeout,2508.22,timeout,3192.04,1175.74,timeout,timeout,timeout,2423.36,4761.04,timeout,timeout,timeout,timeout,timeout,timeout,timeout
b9fe4d54bf3398678112b2f1bad20bb4,arcfour_initialPermutation_6_24.cnf.xz,timeout,timeout,timeout,timeout,timeout,timeout,timeout,timeout,timeout,timeout,timeout,timeout,timeout,timeout,timeout,timeout,timeout,timeout,timeout,timeout,timeout,timeout,timeout,timeout,timeout,timeout,timeout,timeout,timeout,timeout,timeout,timeout,timeout,timeout,timeout,timeout,timeout,timeout,timeout,timeout,timeout,timeout,timeout,timeout,timeout,timeout
ba6ed36e9856cdb1fe916885dbd795df,md5__zeroOut_15__freeIn_19__seed_2.cnf.xz,97.598,298.657,299.972,270.82,536.514,178.689,184.179,295.282,208.175,486.679,1152.18,202.011,53.0113,173.36,197.206,219.568,126.998,113.264,1067.53,120.399,161.119,31.2827,710.628,365.884,1163.76,98.3157,192.466,293.552,527.642,525.55,302.429,68.2584,590.139,220.242,386.957,487.7,234.525,304.594,526.146,426.117,142.407,264.02,101.459,115.992,140.473,63.9561
ba7766e66bfa10857594c4806d07b1a7,ssAES_4-4-8_round_7-10_faultAt_8_fault_injections_2_seed_1588239689.cnf.xz,timeout,4399.23,4395.09,timeout,timeout,timeout,timeout,timeout,4396.34,timeout,timeout,timeout,timeout,timeout,timeout,timeout,timeout,timeout,timeout,timeout,timeout,timeout,timeout,timeout,timeout,4303.02,timeout,timeout,timeout,timeout,timeout,timeout,timeout,timeout,timeout,timeout,timeout,timeout,timeout,timeout,timeout,timeout,4166.51,timeout,timeout,timeout
bb5cd66e061b1b5d04ee907619906922,mizh-sha0-36-4.cnf.xz,631.068,timeout,timeout,25.8078,896.233,628.727,55.9618,154.456,198.147,timeout,3469.85,384.271,101.046,25.7105,142.213,238.659,115.127,4782.26,154.272,504.489,84.5131,328.916,68.6929,143.232,70.341,500.531,783.757,711.999,249.367,250.87,2494.68,471.59,687.163,202.137,78.4676,577.836,187.43,366.422,889.33,275.679,112,105.224,551.596,4248.88,705.037,464.936
bb6184e90b27e0652af15b663cc406be,combined-crypto1-wff-seed-22-wffvars-450-cryptocplx-40-overlap-2.cnf.xz,512.93,1359.69,1373.94,550.092,3385.75,3668.87,760.971,611.423,13.9907,timeout,timeout,368.855,54.7616,3223.89,50.9155,549.007,110.811,594.317,5.26057,33.7004,20.8411,46.3414,155.846,167.286,129.355,448.452,143.346,145.75,101.086,108.811,258.969,timeout,255.757,251.807,981.743,47.0986,152.314,149.372,123.546,282.918,101.417,888.53,156.003,53.7015,116.798,84.4102
bc1b71c9c6270677fcf2b3c579e5025b,md5__zeroOut_14__freeIn_18__seed_0.cnf.xz,123.899,80.5447,79.9484,107.095,80.0103,11.53,204.371,140.991,118.851,525.235,329.063,119.624,105.975,107.056,30.5994,334.095,112.16,52.9153,99.3768,39.0335,88.2963,359.074,39.7707,51.611,230.435,104.132,26.7902,34.4275,133.681,134.294,72.2665,108.176,29.3016,102.529,101.159,212.964,393.998,159.628,27.9594,264.192,55.8706,98.23,295.136,46.7057,115.983,109.136
bd72d53f4762c19efa5213d063372c93,aes_32_3_keyfind_2.cnf.xz,82.7917,3096.07,3076.07,270.019,1708.87,timeout,2177.09,timeout,1042.3,3856,428.047,2083.99,timeout,2104.01,642.72,939.199,642.137,942.724,1127.99,2442.91,723.894,1311.19,1175.76,1242.44,1170.8,3822.11,497.939,857.803,826.726,2054.29,1702.63,106.638,timeout,1685.83,517.46,896.004,1662.85,553.435,2141.48,3997.06,2206.48,3544.91,394.764,2640.61,596.397,4961.28
be417818c4ddb778ccb930678a3b8e27,LED_round_30-32_faultAt_30_fault_injections_2_seed_1579630418.cnf.xz,31.0533,20.8067,20.8469,16.0266,24.3344,15.4297,20.7839,18.4091,20.4473,193.686,163.482,18.695,25.7479,15.8637,71.6664,16.075,12.2138,93.4011,30.7237,68.1224,20.273,14.7241,39.4534,50.9026,9.50304,35.8829,24.6882,36.6539,65.8726,67.2784,44.6478,33.5258,21.3338,47.4034,13.6778,10.2917,21.3104,23.2941,33.9647,26.1919,41.0814,24.2703,29.5414,46.4321,47.3638,54.83
bee00691dfe8e514cdb4aa86082339b6,sha1__zeroOut_06__freeIn_10__seed_1.cnf.xz,138.72,192.096,194.921,86.8827,119.15,19.6398,34.9666,133.116,52.0265,138.838,844.728,57.8178,114.645,72.7749,164.758,137.409,94.4871,51.5032,79.6991,115.571,34.6341,137.629,103.585,79.7702,126.012,137.307,101.206,121.485,77.4194,77.4112,62.1397,261.429,86.9226,85.5317,73.5604,82.3782,124.236,109.606,101.271,121.776,32.5647,108.762,20.8778,115.991,21.1482,90.1667
bfcbf5e370441103fec275ab5d5c85bb,md5__zeroOut_22__freeIn_26__seed_2.cnf.xz,timeout,timeout,timeout,2992.43,timeout,timeout,timeout,timeout,timeout,timeout,timeout,timeout,timeout,timeout,timeout,timeout,timeout,timeout,291.336,timeout,timeout,1192.15,timeout,timeout,timeout,timeout,4868.36,timeout,timeout,timeout,timeout,timeout,timeout,timeout,timeout,timeout,timeout,timeout,timeout,timeout,timeout,timeout,timeout,timeout,timeout,timeout
bfe002ccbda1a5e3b78dc9722b671d11,aes_128_3_keyfind_2.cnf.xz,timeout,timeout,timeout,timeout,timeout,timeout,timeout,timeout,timeout,timeout,timeout,timeout,timeout,timeout,timeout,timeout,timeout,timeout,timeout,timeout,timeout,timeout,timeout,timeout,timeout,timeout,timeout,timeout,timeout,timeout,timeout,timeout,timeout,timeout,timeout,timeout,timeout,timeout,timeout,timeout,timeout,timeout,timeout,timeout,timeout,timeout
c02168d660546710cbb15e7d8731a39e,sha1r17m67a.cnf.xz,565.484,445.525,447.955,727.379,467.149,438.673,396.157,409.073,69.4657,4196.99,42.5421,806.558,212.98,377.955,69.4313,45.0437,72.0156,196.289,163.44,316.936,385.257,514.052,626.407,3.87295,316.768,539.975,297.365,684.177,704.841,563.598,795.41,443.748,783.497,791.432,648.692,292.379,567.429,1123.14,159.596,713.514,617.271,147.978,102.021,626.08,336.56,620.505
c1a0eb1c3c4030371ec74026f1476a49,slp-synthesis-aes-top21.cnf.xz,timeout,3442.21,3468.49,timeout,timeout,3077.47,timeout,timeout,timeout,timeout,timeout,timeout,timeout,timeout,timeout,timeout,timeout,1533.42,timeout,timeout,timeout,2222.31,timeout,timeout,timeout,timeout,timeout,timeout,timeout,timeout,timeout,timeout,timeout,timeout,2428.44,1533.28,timeout,timeout,timeout,timeout,timeout,timeout,timeout,timeout,timeout,timeout
c2b3fc6b4612d45f1653b27ee679aaec,mp1-22.5.cnf.xz,timeout,timeout,timeout,timeout,timeout,timeout,timeout,timeout,timeout,timeout,timeout,511.766,2315.45,timeout,761.295,1134.33,3732.98,timeout,100.962,timeout,841.983,1070.43,879.15,1845.63,2389.35,534.791,1541.71,727.296,2849.29,2823.41,824.12,571.331,832.615,776.918,timeout,timeout,4606.9,680.964,4107.98,1547.57,1485.14,4551.21,timeout,4914.75,3433.73,929.517
c2ec2c450b99d8cfc95c0a3fd6e9e1b8,md4__zeroOut_23__freeIn_27__seed_1.cnf.xz,timeout,timeout,timeout,timeout,timeout,timeout,timeout,timeout,1980.9,timeout,timeout,timeout,timeout,timeout,timeout,timeout,timeout,timeout,timeout,timeout,timeout,timeout,timeout,timeout,3298.83,timeout,timeout,timeout,timeout,timeout,timeout,924.851,timeout,timeout,timeout,timeout,timeout,timeout,727.724,timeout,timeout,timeout,timeout,2783.7,timeout,timeout
c3145593f27dff74d60bd837f95ad3aa,combined-crypto1-wff-seed-116-wffvars-500-cryptocplx-31-overlap-2.cnf.xz,402.134,51.8909,52.3346,244.391,19.2782,timeout,376.987,2720.32,42.2651,timeout,timeout,19.3601,180.305,timeout,23.6385,135.903,42.3805,60.2526,96.0328,5.82662,99.1284,33.7584,59.9451,198.88,469.001,0.902932,109.068,115.082,135.617,219.638,1045.03,timeout,timeout,527.585,13.5012,293.83,171.391,162.377,212.57,253.687,7.0837,2184.78,99.595,100.658,90.6785,99.6231
c615d49f357813514966186ab834be28,preimage_80r_486m_160h_seed_306.cnf.xz,timeout,timeout,timeout,timeout,timeout,timeout,timeout,timeout,timeout,timeout,timeout,timeout,timeout,timeout,timeout,timeout,timeout,timeout,timeout,timeout,timeout,timeout,timeout,timeout,timeout,timeout,timeout,timeout,timeout,timeout,timeout,timeout,timeout,timeout,timeout,timeout,timeout,timeout,timeout,timeout,timeout,timeout,timeout,timeout,timeout,timeout
c7c11649a58fc7667a232e182fc91191,ssAES_4-4-4_round_7-10_faultAt_7_fault_injections_2_seed_1579630418.cnf.xz,timeout,timeout,timeout,timeout,timeout,timeout,timeout,timeout,timeout,timeout,timeout,timeout,timeout,timeout,timeout,timeout,timeout,timeout,timeout,timeout,timeout,timeout,timeout,timeout,timeout,timeout,timeout,timeout,timeout,timeout,timeout,timeout,timeout,timeout,timeout,timeout,timeout,timeout,timeout,timeout,timeout,timeout,timeout,timeout,timeout,timeout
c869f16e70f8bacbbdf4bdb6e047a77a,sha1__zeroOut_13__freeIn_17__seed_1.cnf.xz,281.411,1780.53,1782.24,419.399,416.154,1899.26,1356.04,277.025,3799.44,4499.76,2079.66,667.267,368.895,1986.53,724.872,579.444,674.911,499.57,709.687,1374.73,759.909,821.088,629.396,309.666,545.561,258.39,312.283,390.818,206.919,211.101,308.017,199.26,224.924,179.506,333.793,349.323,646.804,321.737,304.482,266.865,547.47,501.071,307.688,307.238,179.143,259.712
c8da226b105aead63428f75bd6060670,combined-crypto1-wff-seed-19-wffvars-450-cryptocplx-40-overlap-2.cnf.xz,336.203,1593.92,1577.24,28.4824,3195.55,487.42,563.25,531.607,2811.67,timeout,timeout,164.851,169.596,timeout,62.8308,520.109,44.3407,590.111,8.10045,36.7247,35.2107,22.6348,242.78,212.783,183.295,206.362,204.704,113.874,133.522,212.097,211.29,timeout,216.856,214.442,106.977,406.649,127.094,250.138,190.91,346.64,9.65872,978.382,130.767,105.896,96.0477,53.0354
c90500b3329cb8cf544f5a947c4030e6,ssAES_4-4-8_round_1-10_faultAt_8_fault_injections_2_seed_1588239689.cnf.xz,timeout,timeout,timeout,timeout,timeout,timeout,timeout,timeout,timeout,timeout,timeout,timeout,timeout,timeout,timeout,timeout,timeout,timeout,timeout,timeout,timeout,timeout,timeout,timeout,timeout,timeout,timeout,timeout,timeout,timeout,timeout,timeout,timeout,timeout,timeout,timeout,timeout,timeout,timeout,timeout,timeout,timeout,timeout,timeout,timeout,timeout
c9a1d049ca7d766ddb2e407ddf536226,cms-scheel-md4-families-r24-c5-p1-8-13-18-19.cnf.xz,1129.65,1402.82,1395.98,1074.86,1014.61,1041.74,256.715,1022.52,1077.98,2124.26,831.184,178.991,107.533,1298.18,314.22,2187.74,606.457,timeout,26.477,32.2288,81.6042,204.369,114.192,145.574,102.283,84.922,93.896,404.664,225.559,225.9,102.986,155.797,124.796,49.7165,36.7761,147.787,128.269,152.622,182.706,379.625,357.214,59.8372,235.178,72.1749,61.8546,319.049
ccb55d1b802617fcb969e12859d66124,g2-mizh-md5-48-2.cnf.xz,22.3529,840.676,867.318,165.719,172.68,33.319,100.881,30.7962,100.236,4935.65,850.757,332.564,127.323,170.542,30.5228,117.993,322.085,2253.8,354.592,645.115,425.241,170.951,59.8477,16.0548,154.91,324.39,407.052,653.364,1230.22,1234.49,355.415,376.145,729.577,427.599,79.498,48.4886,933.072,500.11,608.716,208.963,124.534,2510.22,939.543,236.902,3031.42,397.486
cd33a862b81ba7b887845d3510c41c62,MASG0_72_keystream76_0.cnf.xz,3277.54,46.4747,45.229,3746.48,2826.05,2655.72,3202.22,1743.08,2817.87,3634.64,timeout,1741.08,2975.36,3534.91,2255.66,2202.67,1896.76,135.204,1086.03,98.5226,823.391,174.22,4735.93,1330.39,1591.68,timeout,4220.46,timeout,timeout,timeout,1500.25,84.0449,1595.86,1552.04,1089.08,1900.57,timeout,timeout,timeout,673.25,1048.65,timeout,1812.73,3019.32,4571.09,575.43
cd72a64e1b857fd30b9ec831cf462bf1,mp1-21.7.cnf.xz,24.4811,95.6157,95.8998,2474.66,482.94,416.433,176.041,95.8515,376.735,265.368,282.643,26.0749,91.3294,108.662,9.64494,441.514,87.6467,timeout,33.676,46.3867,78.4716,100.624,15.6508,47.3825,99.4935,35.0386,56.9864,35.8638,43.4134,43.2939,96.1322,37.7079,98.1937,74.2436,135.836,9.35278,101.334,93.6272,99.968,84.5789,47.7002,53.1587,24.3923,22.1322,27.8109,182.728
ce3b67f829cc3476ba48dcd3bd0cf8ce,LED_round_29-32_faultAt_29_fault_injections_2_seed_1579630418.cnf.xz,timeout,timeout,timeout,timeout,timeout,timeout,timeout,timeout,timeout,timeout,timeout,timeout,timeout,timeout,timeout,timeout,timeout,timeout,timeout,timeout,timeout,timeout,timeout,timeout,timeout,timeout,timeout,timeout,timeout,timeout,timeout,timeout,timeout,timeout,timeout,timeout,timeout,timeout,timeout,timeout,timeout,timeout,timeout,timeout,timeout,timeout
cf3e3966cab271572496706623621db1,LED_round_30-32_faultAt_30_fault_injections_2_seed_1564286498.cnf.xz,10.9338,58.2925,59.5021,11.3642,14.7763,15.1743,24.9096,14.9582,23.3952,1106.37,235.152,17.3602,20.4749,29.0952,25.2151,21.3541,9.32675,15.4377,12.8857,7.92158,15.7717,11.2581,22.5445,55.6724,8.93326,56.6915,17.448,28.0568,60.7598,61.8383,30.2614,35.9187,56.7285,30.0424,8.84614,28.4278,33.7594,26.4255,49.4828,39.5408,30.0126,36.4678,27.1672,31.3678,27.5766,24.7789
d04afa1594d501f60588bb1e265ef05e,satcoin-genesis-SAT-8.cnf.xz,1.55976,2.16811,2.18316,1.54685,1.44591,1.47067,1.40768,1.58385,1.61801,24.1354,timeout,120.538,1.59483,1.03189,222.42,125.075,90.652,52.3926,133.307,122.022,82.0983,68.6871,177.548,147.154,47.1127,5.53409,5.24646,5.24419,5.38574,5.38025,timeout,12.9727,966.247,70.2262,2.36557,45.4882,5.29145,5.22174,5.29251,5.16881,9.70278,5.2415,6.39518,214.886,6.39163,6.22907
d05c07c7bf62daf17ed9d602a830b459,sha256__zeroOut_13__freeIn_17__seed_1.cnf.xz,2191.56,2658.57,2654.59,2412.68,2661.7,2337.52,2436.26,2683.12,3128.52,3487.45,4894.7,1799.33,timeout,2223.28,timeout,4450.5,3258.07,2859.17,timeout,timeout,timeout,timeout,timeout,timeout,timeout,1020.6,1021.44,657.933,618.444,626.644,874.922,1835.94,807.845,767.49,3603.26,2097.08,774.481,589.141,881.248,705.706,867.699,memout,993.987,2062.66,1043.73,958.493
d148c3e1ec01d6885473ac1b1ca4190c,mp1-23.8.cnf.xz,timeout,timeout,timeout,timeout,timeout,timeout,timeout,timeout,timeout,timeout,timeout,timeout,timeout,timeout,timeout,timeout,timeout,timeout,timeout,timeout,timeout,timeout,timeout,timeout,timeout,timeout,timeout,timeout,timeout,timeout,timeout,timeout,timeout,timeout,timeout,timeout,timeout,timeout,timeout,timeout,timeout,timeout,timeout,timeout,timeout,timeout
d21a5fa6a35f6938d574e1577c0caddd,mp1-24.8.cnf.xz,timeout,timeout,timeout,timeout,timeout,timeout,timeout,timeout,timeout,timeout,timeout,timeout,timeout,timeout,timeout,timeout,timeout,timeout,timeout,timeout,timeout,timeout,timeout,timeout,timeout,timeout,timeout,timeout,timeout,timeout,timeout,timeout,timeout,timeout,timeout,timeout,timeout,timeout,timeout,timeout,timeout,timeout,timeout,timeout,timeout,timeout
d6cf9b6197e3210539a5ff61f07b8b07,md5__zeroOut_19__freeIn_23__seed_0.cnf.xz,2355.99,timeout,timeout,timeout,timeout,timeout,timeout,1998.56,timeout,timeout,3894.79,127.235,timeout,1391.5,timeout,893.606,2274.74,timeout,timeout,2274.56,4471.54,505.642,4407.7,1564.78,332.62,1211.56,timeout,timeout,timeout,timeout,2608.05,1126.37,3747.38,timeout,timeout,1294.32,timeout,1582.21,timeout,timeout,186.391,1520.98,timeout,3274.08,2690.24,2254.41
d88baaa735c644728b0d0cb3f015708b,gss-27-s100.cnf.xz,timeout,timeout,timeout,timeout,timeout,timeout,timeout,timeout,timeout,timeout,timeout,timeout,timeout,timeout,timeout,timeout,timeout,timeout,timeout,timeout,timeout,timeout,timeout,timeout,timeout,timeout,timeout,timeout,timeout,timeout,timeout,timeout,timeout,timeout,timeout,timeout,timeout,timeout,timeout,timeout,timeout,timeout,timeout,timeout,timeout,timeout
d8c6caa9a5ecf5ba05e3d4de66ae7972,g2-slp-synthesis-aes-top26.cnf.xz,36.8082,37.2851,37.2296,160.012,87.8856,158.6,110.297,143.426,146.554,4319.5,timeout,379.376,135.744,578.142,91.6127,634.282,40.7218,timeout,110.092,101.817,67.1759,75.2736,36.9735,30.2355,58.5614,93.0599,318.119,182.434,259.693,271.914,181.745,788.061,169.77,316.581,338.914,507.712,237.989,320.752,221.114,790.927,230.75,208.506,272.812,178.384,227.314,265.999
d8e9d33780aa854af40e47c5bb86b2f6,g2-mizh-md5-47-3.cnf.xz,124.441,45.9268,46.3847,43.3512,87.235,192.133,316.325,139.829,91.968,1692.09,433.205,70.9775,38.6634,111.672,150.547,41.5667,116.259,959.142,7.49631,60.025,344.539,25.978,89.2216,56.2982,70.759,280.287,1031.57,350.62,637.912,620.989,645.23,312.912,272.188,328.055,77.561,229.071,176.935,391.049,505.458,219.6,512.717,343.345,110.025,949.947,107.513,308.988
d9fe50de72fb34ea94518c32d8f3077c,hitag2-7-60-0-0xe8fa35372ed37e2-80.cnf.xz,3958.06,2911.97,2905.61,4190.29,3869.05,4416.33,timeout,4386.15,4492.86,timeout,timeout,3222.13,4931.72,4934.2,2344.62,2426.87,2614.53,2929.39,2492.24,2267.67,2565.55,4275.48,3408.38,4770.35,3431.86,timeout,timeout,timeout,timeout,timeout,timeout,3938.94,timeout,timeout,timeout,timeout,timeout,timeout,timeout,4863.64,4852.12,timeout,4762.72,timeout,4087.85,4362.8
dad81d8f80b415ff7ca9544e5705ce65,hitag2-7-60-0-0xe97b5f1bee04d70-47.cnf.xz,3531.24,2277.08,2226.14,3219.17,3254.75,3369.03,4591.85,4434.24,3441.98,timeout,timeout,2601.19,3794.75,3673.28,1823.98,1894.89,1815.39,2347.4,2001.42,1918.64,1996.01,3232.29,2748.27,3854.34,2581.93,4264.1,unverified,unverified,3346.47,4368.05,3706.53,2238.04,3719.75,3773.99,timeout,timeout,4522.01,timeout,timeout,2327.21,3398.94,4781.74,4142.27,3865.58,3684.48,3501.83
dc306e55bbd71adf6e14a7e3e0aa8b4a,sha256__zeroOut_10__freeIn_14__seed_2.cnf.xz,2368.04,1807.83,1805.22,2378.48,1559.99,2311.36,2870.1,2304.59,2323.96,timeout,3294.49,2029.91,timeout,2778.74,timeout,timeout,4258.77,3391.03,timeout,timeout,2218.9,3669.62,timeout,timeout,timeout,444.943,580.306,457.872,740.385,728.359,1254.58,726.683,900.484,1591.82,2486.64,1986.75,621.486,649.943,846.153,945.381,540.817,804.044,567.328,528.787,535.895,790.709
e0bf26a7527cd162c7d3016d4b2ab9fb,md5_48_1.cnf.xz,126.859,147.104,147.304,210.771,283.121,85.5899,227.269,160.132,140.649,timeout,3093.77,118.254,54.4815,84.0051,257.901,149.388,82.0061,1040.33,82.506,94.0745,212.15,76.88,372.179,141.737,37.2673,80.3617,362.635,396.097,1035.27,1023.33,342.82,235.199,708.984,1195.76,582.279,32.659,705.77,330.176,1200.57,74.6951,1924.16,250.561,341.517,127.118,1722.19,1673.85
e1dab34a860cef937ad5831e428162c7,arcfour_initialPermutation_6_16.cnf.xz,952.624,761.338,742.032,965.77,1063.85,932.336,925.703,1055.84,1096.48,timeout,timeout,1843.46,914.748,1011.3,862.829,981.838,943.604,1084.88,965.044,945.827,897.577,993.311,1006.05,1032.97,1063.8,1505.33,unverified,unverified,1497.68,1501.62,1509.66,1589.23,1515.47,1508.29,1584.07,1549.18,1534.35,1731.74,1630.65,1528.89,1471.48,1503.13,1576.35,1542.91,1534.8,1525.14
e2b14e253ef1170cbb7b51ce527f3c09,sha1__zeroOut_15__freeIn_19__seed_2.cnf.xz,549.031,385.458,394.123,314.955,1127.95,1055.17,956.447,421.448,722.451,3807.05,3112.23,878.058,554.465,2020.38,1123.72,589.171,1471.76,1023.72,620.193,2041.26,767.553,419.053,464.211,1396.48,873.131,684.756,334.477,626.587,322.205,323.044,445.418,604.546,469.282,503.851,1349.07,1189.05,239.896,1183.17,262.412,753.385,196.82,252.193,604.817,467.516,655.015,304.09
e2cc6f2ab367ffc3005b74e65c6b695a,sha256__zeroOut_03__freeIn_07__seed_1.cnf.xz,154.292,29.5418,29.4789,91.5507,608.547,38.9867,339.468,115.5,394.924,1003.12,1806.03,265.83,136.335,12.549,571.343,1270.58,556.934,566.727,972.592,940.509,778.312,606.489,123.755,112.403,50.4003,88.1319,178.089,208.538,176.701,176.429,196.353,210.034,202.007,223.25,526.914,329.694,91.5827,209.327,104.337,524.09,133.83,303.454,131.459,111.127,201.462,133.045
e49c74a1a8fe62b06ec7ea9873f30749,ssAES_4-4-4_round_7-10_faultAt_8_fault_injections_2_seed_1564286498.cnf.xz,104.708,58.6512,57.6201,147.296,52.0422,56.9868,104.409,197.897,64.6423,1508.35,1407.5,65.1621,72.3442,70.2814,166.44,73.72,82.167,1656.27,339.205,726.362,168.538,60.4782,167.386,68.6356,11.9039,177.099,388.75,194.752,66.5858,66.9851,1642.58,263.592,77.4638,1650.32,37.7285,232.52,168.784,88.2014,37.3453,114.043,583.883,55.6507,79.6759,94.1756,88.1174,184.688
e65663fd41bc29694d683ec57b7d72a4,g2-mizh-md5-48-5.cnf.xz,47.2409,140.598,138.902,267.339,12.2134,42.5445,146.565,126.075,177.094,722.788,3181.29,138.251,232.132,84.5419,76.0433,56.7238,350.29,932.885,520.081,187.946,60.4988,201.17,61.7825,252.835,89.2543,274.347,329.397,77.6243,943.438,920.285,1472.95,420.589,736.967,183.119,184.819,58.6836,222.116,115.116,508.322,396.211,1512.65,1356.83,1341.36,1281.58,129.426,752.352
e6a8f20f267e004218a660d1a08ba380,sha256__zeroOut_07__freeIn_11__seed_2.cnf.xz,363.519,1909.37,1891.27,2205.72,2337.35,1961.62,240.018,993.105,1319.29,3279.33,529.552,1859.83,1580.92,1013.62,timeout,timeout,817.908,2589.03,3486.36,4731.1,timeout,2244.66,3485,3424.44,3900.38,603.716,613.56,200.697,718.815,722.343,780.771,621.54,491.555,550.242,2195.96,2036.92,269.57,196.66,420.164,486.355,510.26,905.442,580.725,564.706,205.396,576.659
e7a91a4b4ffd37f0ec2d6f5b5b53a77b,combined-crypto1-wff-seed-4-wffvars-450-cryptocplx-40-overlap-2.cnf.xz,4325.67,16.982,16.8982,67.5417,3401.21,2835.97,662.671,timeout,timeout,timeout,timeout,22.6667,108.432,timeout,498.508,84.4605,92.7184,83.8847,51.5214,224.61,22.4552,152.215,249.482,823.355,215.355,70.3003,171.372,177.907,317.416,435.436,762.098,timeout,775.623,757.517,777.703,765.935,124.757,154.731,293.904,256.079,1073.39,1011.38,460.818,368.864,179.314,169.635
ea2ec2f8a4bfb6ba735eff25f96480d0,combined-crypto1-wff-seed-104-wffvars-500-cryptocplx-31-overlap-2.cnf.xz,2407.11,1848.92,1959.42,85.971,timeout,timeout,519.771,582.178,1650.96,timeout,timeout,146.842,timeout,timeout,148.627,1944.71,567.102,630.512,269.344,3.69228,152.44,218.648,359.939,1050.48,2698.89,333.285,99.458,85.3887,107.525,103.187,706.611,timeout,718.823,709.993,96.2423,2338.15,126.463,135.853,136.253,215.286,7.76535,802.588,200.25,177.791,128.516,1488.17
ea675286ae5f4a5a7c4baf4e43e778a8,arcfour_initialPermutation_6_64.cnf.xz,timeout,timeout,timeout,timeout,timeout,timeout,timeout,timeout,timeout,timeout,timeout,timeout,timeout,timeout,timeout,timeout,timeout,timeout,timeout,timeout,timeout,timeout,timeout,timeout,timeout,timeout,timeout,timeout,timeout,timeout,timeout,timeout,timeout,timeout,timeout,timeout,timeout,timeout,timeout,timeout,timeout,timeout,timeout,timeout,timeout,timeout
eb2027e82b2a34be67dbdb7264fa7ddc,sha256__zeroOut_10__freeIn_14__seed_1.cnf.xz,2616.2,1808.12,1811.58,2297.08,2300.37,2328.32,2942.12,2526.81,2530.65,4002.84,3019.5,1923.21,timeout,2642.74,timeout,timeout,3423.68,timeout,timeout,timeout,timeout,3532.28,timeout,timeout,timeout,1819.99,658.933,557.731,727.034,731.233,473.14,834.709,1484.04,674.61,2764.81,2664.49,585.499,582.06,808.149,1126.24,685.155,759.296,642.797,572.296,682.16,516.042
eba7f569a9faed0b8e88ce3d6fa576f7,cms-scheel-md4-families-r24-c6-p1-9-13-16-18-19.cnf.xz,247.02,65.2756,64.1136,192.488,239.661,195.547,237.961,1273.94,223.112,1106.61,1944.34,54.0437,63.3185,1313.4,105.835,1286.82,184.947,timeout,38.6023,58.8882,114.628,89.3581,53.5869,27.2319,24.3173,63.1866,141.213,65.6758,323.04,320.59,59.2203,165.141,87.3286,52.735,52.4057,53.6849,114.433,128.677,107.381,182.773,117.279,72.0865,154.263,48.6043,85.3453,88.997
ee4031b9933ee8c8c65822d0d2e27f33,arcfour_initialPermutation_6_40.cnf.xz,timeout,timeout,timeout,timeout,timeout,timeout,timeout,timeout,timeout,timeout,timeout,timeout,timeout,timeout,timeout,timeout,timeout,timeout,timeout,timeout,timeout,timeout,timeout,timeout,timeout,timeout,timeout,timeout,timeout,timeout,timeout,timeout,timeout,timeout,timeout,timeout,timeout,timeout,timeout,timeout,timeout,timeout,timeout,timeout,timeout,timeout
ef966d22ce1fc1c33fcfcd1142646ac5,slp-synthesis-aes-bottom33.cnf.xz,timeout,timeout,timeout,timeout,timeout,timeout,timeout,timeout,timeout,timeout,timeout,timeout,timeout,timeout,timeout,timeout,timeout,timeout,timeout,timeout,timeout,timeout,timeout,timeout,timeout,timeout,timeout,timeout,timeout,timeout,timeout,timeout,timeout,timeout,timeout,timeout,timeout,timeout,timeout,timeout,timeout,timeout,timeout,timeout,timeout,timeout
f2506f6c86897728140d6ac44b4abc85,ssAES_4-4-8_round_8-10_faultAt_8_fault_injections_2_seed_679012869.cnf.xz,timeout,2958.01,2968.1,4019.88,timeout,timeout,4198.5,timeout,timeout,timeout,timeout,timeout,4460.27,timeout,timeout,timeout,timeout,timeout,timeout,timeout,timeout,timeout,timeout,timeout,timeout,4599.61,timeout,timeout,timeout,timeout,timeout,timeout,timeout,timeout,timeout,4363.73,timeout,timeout,timeout,timeout,timeout,timeout,timeout,timeout,timeout,4085.57
f32df1fbeb872acd40a61c008abfb470,vmpc_33.cnf.xz,timeout,178.543,178.566,timeout,timeout,1825.28,timeout,timeout,timeout,timeout,916.492,408.385,timeout,timeout,1419.59,641.808,timeout,1551.82,timeout,timeout,timeout,timeout,788.743,1797.95,795.397,928.254,324.548,287.73,1145.84,1152.41,629.038,253.556,631.188,243.286,timeout,3954.08,167.551,3252.37,354.531,714.816,144.197,timeout,3328.66,889.273,936.738,1653.26
f42d3b2739adeb8817988487af05ce53,satcoin-genesis-SAT-2048.cnf.xz,167.438,252.174,253.657,181.097,238.801,152.215,218.3,238.338,223.703,timeout,timeout,1100.42,199.539,43.5097,timeout,timeout,timeout,timeout,894.446,1136.38,timeout,timeout,timeout,timeout,timeout,143.149,223.537,timeout,195.798,195.613,timeout,2533.01,1233.27,timeout,37.9388,468.311,102.481,130.852,120.854,637.14,97.565,timeout,139.508,242.799,289.349,255.228
f57f9b3e3eb5fb8fea5ebde6f8ae8820,vmpc_31.cnf.xz,853.795,2701.72,2729.09,197.382,35.3697,1773.97,3841.77,timeout,timeout,1795.17,4050.24,752.734,timeout,timeout,timeout,1051.17,timeout,timeout,timeout,timeout,1300.11,timeout,1851.39,2872.43,1829.1,79.452,1431.37,1302.08,21.9726,22.2278,370.928,1706.16,373.926,457.263,timeout,100.707,1887.6,1703.57,1488.17,2096.17,273.619,timeout,382.765,783.457,861.516,91.0769
f5d4f2dd0888fe1e7d7c7e995847101a,ssAES_4-4-8_round_1-10_faultAt_8_fault_injections_2_seed_243659113.cnf.xz,timeout,timeout,timeout,timeout,timeout,timeout,timeout,timeout,timeout,timeout,timeout,timeout,timeout,timeout,timeout,timeout,timeout,timeout,timeout,timeout,timeout,timeout,timeout,timeout,timeout,timeout,timeout,timeout,timeout,timeout,timeout,timeout,timeout,timeout,timeout,timeout,timeout,timeout,timeout,timeout,timeout,timeout,timeout,timeout,timeout,timeout
f65e6b35a8aeb517edca599b8ad1d443,combined-crypto1-wff-seed-21-wffvars-450-cryptocplx-40-overlap-2.cnf.xz,184.251,21.2707,21.1741,87.5489,63.366,392.414,513.956,339.59,49.5215,timeout,timeout,21.3249,31.4841,timeout,69.459,763.374,74.8325,393.234,45.7151,43.9322,4.50077,10.7651,66.7157,69.5719,129.666,36.1089,102.049,103.325,104.672,159.195,137.641,timeout,143.726,137.261,22.2423,101.538,120.786,111.887,142.81,263.341,15.338,876.599,78.2892,88.177,54.4545,98.5447
f9e596ed214345ad40ceff5443797fac,md4__zeroOut_23__freeIn_27__seed_2.cnf.xz,timeout,timeout,timeout,timeout,timeout,timeout,timeout,timeout,timeout,1450.19,timeout,timeout,timeout,timeout,1119.96,timeout,timeout,timeout,timeout,timeout,2395.9,3656.68,timeout,timeout,timeout,timeout,timeout,timeout,timeout,timeout,timeout,timeout,timeout,timeout,timeout,timeout,timeout,timeout,timeout,timeout,timeout,timeout,timeout,timeout,timeout,timeout
fa3b1d5110d6585533a706e17ee37fd5,combined-crypto1-wff-seed-138-wffvars-500-cryptocplx-31-overlap-2.cnf.xz,691.121,timeout,timeout,778.375,1507.13,3897.79,840.708,391.797,319.928,timeout,timeout,18.5618,timeout,timeout,101.771,286.472,89.192,335.066,11.0509,101.177,420.151,28.204,1694.31,1031.43,1114.38,471.804,331.944,95.4266,4808.44,628.808,504.043,timeout,498.87,509.103,184.656,68.7556,357.616,133.922,232.313,248.487,259.529,845.479,81.6123,85.7831,74.6537,120.67
fa421852917dcf2cd5d87664dd0c9a57,010.cnf.xz,timeout,timeout,timeout,3216.34,timeout,timeout,timeout,3512.95,2515.13,timeout,539.765,3397.25,3272.08,timeout,1123.76,498.821,319.303,timeout,3077.95,2338.38,1164.96,87.7952,386.798,2242.99,2220.34,1382.45,774.206,265.233,268.915,267.694,4849.78,503.659,timeout,823.663,1386.52,3568.5,373.033,55.3632,1601.9,1550.36,123.068,717.307,925.502,3257.81,175.168,211.088
fbd5ec01130c1799011f6c7cab30fc85,sha1__zeroOut_12__freeIn_16__seed_1.cnf.xz,383.567,405.998,403.003,419.612,473.917,601.848,348.209,293.943,913.719,1504.2,1729.25,240.758,325.314,1901.64,889.821,545.167,439.802,615.048,1130.61,591.297,917.777,825.251,342.227,681.667,358.257,333.364,193.613,224.436,232.848,233.759,369.459,167.531,170.342,154.932,268.798,397.11,265.287,200.813,168.24,334.235,442.639,313.319,279.412,237.62,213.315,282.522
fc85886bdc8e424c33714a4a52971ee8,ssAES_4-4-4_round_1-10_faultAt_1_fault_injections_1_seed_1564286498.cnf.xz,timeout,timeout,timeout,timeout,timeout,timeout,timeout,timeout,timeout,timeout,timeout,timeout,timeout,timeout,timeout,timeout,timeout,timeout,timeout,timeout,timeout,timeout,timeout,timeout,timeout,timeout,timeout,timeout,timeout,timeout,timeout,timeout,timeout,timeout,timeout,timeout,timeout,timeout,timeout,timeout,timeout,timeout,timeout,timeout,timeout,timeout
fca7a5a04aaed5f0eacccc4139dc894a,satcoin-genesis-SAT-8192.cnf.xz,382.086,322.656,319.31,295.327,345.174,788.73,382.615,402.083,419.489,timeout,timeout,1583.18,395.88,164.143,timeout,timeout,timeout,timeout,750.297,timeout,timeout,timeout,timeout,timeout,timeout,762.189,414.787,502.408,328.464,316.713,timeout,2829.96,1874.08,timeout,307.384,213.275,timeout,528.447,626.927,790.185,196.119,666.99,1117.56,165.527,202.311,198.971
ffc6478580fa7b48bfe3f7c7097accf0,sha1__zeroOut_13__freeIn_17__seed_2.cnf.xz,479.582,456.442,457.015,1076.6,382.329,47.4287,564.606,382.045,413.333,3178.45,2334.76,230.631,270.978,1016.18,676.51,462.612,786.786,716.296,1166.33,644.395,676.322,261.93,513.519,388.691,574.191,143.702,623.682,180.506,577.412,578.366,245.654,287.607,205.971,275.896,716.816,297.645,232.522,387.24,279.508,262.454,618.562,375.433,343.262,264.021,153.281,397.531
