hash,result,filename,painlessmaple,pakis,mallobparallel,pmcomsps,pmcomspscom,abcdparascavel,pmcomspsstrsc,mergehordesatparallel,plingeling
000a41cdca43be89ed62ea3abf2d0b64,sat,snw_13_9_pre.cnf.xz,38.44,8.70,11.12,10.59,8.66,memout,7.52,45.80,18.48
0041051c73dcdd885d412a38e8b09fba,unsat,rphp4_065_shuffled.cnf.xz,74.09,296.09,39.72,58.17,58.17,148.80,58.85,1096.28,823.75
004b0f451f7d96f6a572e9e76360f51a,unsat,spg_420_280.cnf.xz,71.75,33.13,95.67,117.21,127.98,424.56,128.19,99.15,1271.05
0107f34364dfff8ab062193b2c71b4de,unsat,sp4-33-bin-nons-flat-noid.cnf.xz,72.09,116.03,14.46,28.15,33.15,84.26,33.47,115.08,38.06
01135f7a79d555bd0406f00fac22cbe2,sat,SC21_Timetable_C_140_E_29_Cl_10_S_15.cnf.xz,timeout,timeout,timeout,timeout,timeout,timeout,timeout,timeout,timeout
02223564bd2f5c20768e63cf28c785e3,sat,mp1-squ_ali_s10x10_c39_abio_SAT.cnf.xz,10.05,10.02,7.48,9.14,10.14,memout,8.16,17.68,95.39
02404a08ea36dd43362bbddc578c839d,unsat,ctl_4201_555_unsat.cnf.xz,440.53,1089.32,106.98,92.62,90.63,286.66,85.63,348.04,323.53
0240f5bddc39ad2f0a786c811fc434a8,sat,SC21_Timetable_C_542_E_71_Cl_36_S_35.cnf.xz,181.78,247.71,timeout,126.35,146.86,memout,160.61,231.98,timeout
03a43a7ea55217f53542ed3f029963af,unsat,satch2ways16w.cnf.xz,timeout,3100.39,4377.82,2389.69,5542.98,4389.98,942.50,timeout,5172.65
03ba29d5cb38d345357a74a7b5ccd759,sat,20-100-lambda100-49_sat.cnf.xz,4.43,49.22,102.37,49.76,27.80,memout,30.89,65.83,199.57
05e5b5a37a0d7cb5e96c82b84bbdca66,unsat,Mycielski-11-hints-3.cnf.xz,311.12,392.83,342.58,233.58,209.31,266.65,262.53,145.02,441.94
064ba3c61c5f105104edec8305853711,sat,puzzle35_sat.cnf.xz,1474.51,118.12,255.21,3062.08,4799.51,timeout,timeout,201.16,261.12
068c64314f0f8405bc28bb4c52647145,unsat,sokoban-p20.sas.cr.27.cnf.xz,2448.49,timeout,735.17,426.60,489.74,1700.25,493.71,2355.64,565.51
070fde310eca4ddf6967896052efcb30,unsat,at-least-two-smtlib-qfbv-aigs-ext_con_032_008_0256-tseitin.cnf.xz,14.74,157.32,72.74,8.52,8.57,14.60,10.53,9.46,58.58
07c3cce524e2b85d8315ac4397ef08c4,unknown,puzzle47_sat.cnf.xz,timeout,timeout,timeout,timeout,timeout,timeout,timeout,timeout,timeout
080896c437245ac25eb6d3ad6df12c4f,sat,bv-term-small-rw_1492.smt2.cnf.xz,1.13,1.03,1.47,1.23,1.23,memout,1.74,2.88,12.95
083030713683d8ab8e1d54372f241863,sat,Kakuro-easy-089-ext.xml.hg_4.cnf.xz,171.49,82.18,231.10,133.76,137.37,memout,175.14,438.22,461.27
09d8544494e54bc756438e69567b4ba7,sat,mp1-klieber2017s-0300-034-t12.cnf.xz,150.26,47.09,18.10,106.49,59.45,memout,32.51,48.64,62.57
0c4355730d11bb18582d00f7266fdf27,unsat,puzzle34_unsat.cnf.xz,1008.54,141.14,109.08,758.73,1539.82,1906.72,762.67,542.04,56.88
0c75119940f87f2bc1dc3f53aeedc02b,sat,20-100-lambda100-89_sat.cnf.xz,141.53,104.26,211.67,118.83,103.83,memout,77.86,320.34,334.19
0d4b99f6d05c9e993ea8655d355fa3b3,unsat,vlsat2_112_4223.cnf.xz,timeout,5181.23,timeout,1122.92,2524.11,4972.21,773.87,timeout,4522.67
0f877a1f984f35fdfdce011cb7152123,unsat,bvurem_20.smt2.cnf.xz,timeout,timeout,timeout,3229.35,timeout,timeout,3141.40,timeout,timeout
10b460a4da6a4e199e946788a374032b,sat,HCP-470-60.cnf.xz,1710.98,394.39,233.27,717.32,668.34,memout,932.47,687.31,1483.46
115fa7f61704bc12b2373aa471bc434f,sat,Circuit_multiplier24.cnf.xz,29.15,35.05,20.70,124.25,770.35,timeout,542.35,95.48,179.84
116bae11adddfa555f2e21f8ee678de5,sat,randomG-n17-d05.cnf.xz,844.24,timeout,0.67,481.22,605.21,memout,480.44,timeout,0.17
128fdc03329b57efb97c3cdf6ed7e35d,unsat,10pipe_k.cnf.xz,270.83,150.24,199.53,107.92,106.93,214.91,120.96,323.66,216.55
1335cf5a529c51c86733b20450a41ac1,unsat,p01_lb_05.cnf.xz,33.31,15.12,16.09,11.68,13.70,56.93,14.46,32.36,14.69
13538df69c3bc26707750ba55d90c9b0,unsat,blocks-blocks-37-1.130-NOTKNOWN.cnf.xz,483.43,789.78,100.52,122.16,127.83,376.03,142.37,271.36,122.07
135eb593af65aa579aede02fd289a6f9,unsat,Mycielski-10-hints-8.cnf.xz,timeout,timeout,timeout,2882.63,timeout,timeout,3111.64,timeout,timeout
139c1262e5901a684005ffad897aa7eb,sat,maximum_constrained_partition_18_bits_n200.cnf.xz,75.35,28.16,575.28,21.85,100.94,memout,45.92,106.28,898.98
140aa37221467a66d5711b760a19ee0f,unknown,ktf_TF-8.tf_4_0.02_37.cnf.xz,timeout,timeout,timeout,timeout,timeout,timeout,timeout,timeout,timeout
141919813972d24c105018164e96cb1e,sat,edit_distance023_281.cnf.xz,174.40,508.24,241.66,91.55,111.58,memout,102.55,162.01,457.70
14c33d4be35ed33f2c67498f8334993f,sat,sted5_0x24204-70.cnf.xz,timeout,timeout,timeout,timeout,timeout,timeout,timeout,timeout,timeout
1527378fc216e0506bf8b63d0fad56be,sat,randomG-Mix-n18-d05.cnf.xz,timeout,timeout,2052.76,3151.58,3913.73,timeout,3218.70,timeout,timeout
1575dcf4547f5854850b971013683c37,unsat,edit_distance007_85.cnf.xz,404.22,520.11,136.38,106.21,120.21,584.47,125.81,297.32,393.40
15ba9eb4b0035fb6ed11a03c7df21870,unknown,ktf_TF-6.tf_4_0.04_51.cnf.xz,timeout,timeout,timeout,timeout,timeout,timeout,timeout,timeout,timeout
166e1e5a9f63fcf94ddae8533fa2a090,unsat,mp1-squ_any_s09x07_c27_abix_UNS.cnf.xz,79.07,622.08,58.76,29.14,31.13,144.86,30.85,228.66,277.29
167b736959aa8c9e5d38409755277a53,unsat,vlsat2_56_1042.cnf.xz,timeout,1630.85,timeout,999.37,3002.48,1644.53,615.24,timeout,2646.20
18d4124324b56e434118f9ef72198d84,unsat,spg_300_300.cnf.xz,59.62,39.44,283.72,94.41,99.38,1166.17,119.55,85.89,168.63
198f94ece5fdc9536a28afc3063bdcf6,sat,quad_res_r29_m32.cnf.xz,timeout,timeout,timeout,3671.83,timeout,timeout,2723.39,timeout,timeout
1a3254cb7b54789fdd4d56bfaaa38df7,unknown,satch2ways18wu.cnf.xz,timeout,timeout,timeout,timeout,timeout,timeout,timeout,timeout,timeout
1a3320d3cf32f211b3e7b875745713e2,unsat,sokoban-p20.sas.cr.21.cnf.xz,349.65,276.67,47.92,52.36,44.44,220.12,45.94,270.28,29.21
1a3400dc32a3859afb20566a4ded9606,sat,ACG-15-10p1.cnf.xz,223.06,76.10,85.37,96.46,119.50,memout,102.67,305.56,75.39
1b8c45c42a818db8f62bcbfd6f52c881,sat,sp5-21-15-bin-stri-tree-noid.cnf.xz,93.17,28.05,21.50,25.29,8.26,memout,32.31,22.73,978.02
1bb9929010e0c209f1e59dedba54d9ad,sat,edit_distance023_282.cnf.xz,194.43,145.18,378.31,83.54,113.54,memout,106.77,213.78,752.41
1c35c510ad106bfcdbc76ff49e710ce6,unsat,ER_500_40_2.apx_0.cnf.xz,47.29,276.12,11.48,21.32,19.32,54.61,22.97,108.29,23.01
1ce81dbba1292bf791e194b17aa2a219,unsat,satch2ways15u.cnf.xz,824.35,336.11,570.83,268.40,1187.53,1953.22,539.25,1565.30,1016.97
1d72814d7329f6d6213a7397ed366fe9,sat,Circuit_multiplier37.cnf.xz,3.13,7.06,4.66,14.22,2.19,memout,6.46,46.38,19.96
1dce69ee6685597d6c56e5fd7a47f8e0,unknown,SC21_Timetable_C_136_E_41_Cl_9_S_15.cnf.xz,timeout,timeout,timeout,timeout,timeout,timeout,timeout,timeout,timeout
21fbe69cf7c0b41e205b52d970f9a43a,unsat,string_compare_safety_cbmc_unwinding_870.cnf.xz,3371.12,1310.88,1081.22,545.03,591.23,4024.77,685.94,2634.87,3396.88
22505280326ec66ba807b8b4edc48e1a,sat,Circuit_multiplier18.cnf.xz,1934.65,916.16,835.37,5150.94,4848.91,timeout,timeout,timeout,3663.65
2260d28ec773357e73e5ee60aeac0f43,sat,b2005-p1-12x12c10h7-Ser3-0.cnf.xz,timeout,timeout,timeout,timeout,timeout,timeout,timeout,timeout,timeout
2285ff99f985f8f926d5159299cc8787,unsat,73.smt2.cnf.xz,118.59,143.30,62.74,54.56,64.57,282.02,63.68,196.93,315.23
22922a96c4bdac643b69069355c5db28,unsat,assoc_mult_err_3.c.cnf.xz,40.22,26.07,19.49,23.41,21.41,71.50,26.51,55.88,27.34
22ede342b1973bf82c2c2106616cc8d9,unsat,at-least-two-aaai10-planning-ipc5-pipesworld-12-step15.cnf.xz,306.23,128.51,44.78,36.76,41.08,88.11,41.86,99.53,25.88
24075575c3dbd9e9eae948dd2241b029,unsat,UR-15-10p0.cnf.xz,187.67,289.94,64.84,62.05,67.20,165.73,92.19,243.87,64.30
25ba6d2b7503d699ee95bf4bcd0864c5,unknown,quad_res_r37_m39.cnf.xz,timeout,timeout,timeout,timeout,timeout,timeout,timeout,timeout,timeout
25cc054738293c0d9377d7b72b78a341,unsat,string_compare_safety_cbmc_unwinding_900.cnf.xz,3285.47,1241.84,1470.63,579.40,647.60,4311.25,733.70,2177.14,3585.16
25cfa39c61494e9e793f6c6a9ec44be3,unsat,puzzle51_unsat.cnf.xz,timeout,timeout,timeout,timeout,timeout,timeout,timeout,timeout,timeout
263457bc6aafa3b1f5999bc2ddfe3caf,unsat,ktf_TF-4.tf_2_0.02_18.cnf.xz,24.28,36.08,14.70,13.44,14.43,35.58,15.72,39.96,27.09
273d42b3d97294b660745c7bc632474e,sat,edit_distance025_450.cnf.xz,timeout,754.28,timeout,timeout,timeout,timeout,550.85,416.26,timeout
28792301119a25fb8edec6cde91eee21,sat,sokoban-sequential-p145-microban-sequential.070-NOTKNOWN.cnf.xz,1354.01,timeout,3679.80,1029.53,600.24,timeout,942.81,705.20,3410.25
28aeefb8abe1d29211552650e14e7579,unknown,bv-term-small-rw_1294.smt2.cnf.xz,timeout,timeout,timeout,timeout,timeout,timeout,timeout,timeout,timeout
2925ee90763e08b2f7e79c7c713c86b9,sat,at-least-two-ibm-2004-23-k100.cnf.xz,200.79,182.16,322.30,152.66,158.22,memout,186.84,memout,359.02
29b7d5a498eff7a98fcd03a273eaeba3,sat,Kakuro-easy-132-ext.xml.hg_8.cnf.xz,2742.55,538.73,timeout,1247.29,529.77,timeout,542.41,2931.46,4968.37
29e101b66dfddb440e974b9feec5b1aa,unsat,spg_200_307.cnf.xz,53.61,29.50,18.42,58.58,61.67,90.30,61.04,73.53,15.85
2a0b27b48cde394ba99cc0a0e3737fc6,unsat,mp1-Nb6T07.cnf.xz,2676.30,367.10,424.98,364.28,431.27,timeout,407.64,651.26,472.81
2a0f12ac393b2fb15f0dcc45c00e7434,unknown,sum_of_3_cubes_108_bits_52.cnf.xz,timeout,timeout,timeout,timeout,timeout,timeout,timeout,timeout,timeout
2a6f21741efb8f8abbfdfe30f22ba9f8,unsat,Mycielski-11-hints-4.cnf.xz,288.13,344.80,333.64,234.51,204.32,248.39,228.16,145.12,480.48
2ba50be551d72853ba662e11371b24c1,unsat,at-least-two-traffic_b_unsat.cnf.xz,99.76,204.52,57.23,37.72,43.78,86.21,43.98,107.12,129.28
2dd2843e84e1c73b9a3fd45d4f13a2fa,unsat,ktf_TF-3.tf_2_0.02_24.cnf.xz,1471.64,3518.54,726.22,322.63,652.66,2324.97,memout,2441.59,3013.91
30c44e6084a893593d64d500551872cb,sat,Circuit_multiplier34.cnf.xz,377.28,1.03,116.39,193.25,128.23,memout,99.23,120.17,483.98
31311e688a1ec28c827c0878786e3c18,sat,puzzle42_sat.cnf.xz,timeout,1060.32,timeout,timeout,timeout,timeout,timeout,5383.11,timeout
314b63e5b44a2c441e10d197f797e18b,unsat,ak032modbtmodbtisc.cnf.xz,276.39,584.16,33.10,71.45,63.44,2589.00,82.68,194.79,78.70
316e22c7acf697be27514ffda0381ebc,sat,2bitcomp_5.hg_20.cnf.xz,61.86,2172.66,timeout,timeout,timeout,timeout,timeout,3237.49,timeout
31c4aacd83bfd2aa7a9762a5b463b992,sat,MVD_ADS_S11_7_7.cnf.xz,660.84,1.77,1.50,2682.64,2636.78,memout,2987.71,8.81,557.95
31e9cd07f730b20faa7c3d0f1ba2ea2e,sat,b04_s_unknown_pre.cnf.xz,64.92,11.76,85.58,51.05,36.01,memout,36.37,153.80,122.31
324b2441c6f1fa9d5f3cf3a4c8447fc7,unknown,SC21_Timetable_C_512_E_66_Cl_34_S_35.cnf.xz,timeout,timeout,timeout,timeout,timeout,timeout,timeout,timeout,timeout
32a7129c1bf7922f8cfa7748db5b5268,sat,b2005-p3-14x14c17h9-Ser3-0.cnf.xz,timeout,timeout,timeout,timeout,timeout,timeout,timeout,timeout,timeout
3334919f6e241ce87c5b91ed90fc0c1c,unsat,edit_distance031_284.cnf.xz,533.69,1385.47,147.20,109.81,105.81,1344.77,130.01,522.74,308.28
334aa882de28856fc8c75885285d2a3c,sat,HCP-446-105.cnf.xz,1766.14,929.46,511.00,675.33,578.35,memout,817.50,3637.28,1311.10
3354c5f91c523cfc42dab6a40129d102,sat,size_5_5_5_i003_r12.cnf.xz,timeout,38.03,timeout,timeout,2565.59,timeout,timeout,48.58,timeout
338bbefd31a527548666d5cee1aadaeb,unsat,rpoc_xits_10_UNKNOWN.cnf.xz,memout,memout,memout,memout,memout,memout,memout,memout,memout
33e82a3b6df2b2b63291775c0133a32f,unsat,MVD_ADS_S1_5_5.cnf.xz,1082.28,2.10,1.91,1469.64,1633.64,817.65,1851.62,12.34,140.91
34c4f43536cffc580a87e655b4100332,unknown,79.smt2.cnf.xz,timeout,timeout,timeout,timeout,timeout,timeout,timeout,timeout,timeout
36503f7af8c8352b64ec2104cd2499c5,sat,Circuit_multiplier45.cnf.xz,552.30,1169.19,263.51,1116.43,265.27,timeout,52.23,705.61,161.06
36c02f64976f4c45a9e6bfb361d08316,unsat,edit_distance031_283.cnf.xz,558.61,1326.42,155.39,112.80,98.80,1234.41,134.48,380.19,517.46
36ffefcf54eb9e407652175766f21d83,sat,b2005-p2-14x14c17h9-Ser5-0.cnf.xz,timeout,timeout,timeout,timeout,timeout,timeout,timeout,timeout,timeout
375b0bb96005020dea369b22f85ed8f5,unsat,shift1add.26949.cnf.xz,14.78,11.29,4.95,80.50,83.72,10.14,82.01,281.24,3.63
376fa5669a710c95b0b8d4c7a798f9f0,sat,prime_a22_b22.cnf.xz,36.13,33.05,18.49,11.25,10.25,memout,22.29,25.32,187.96
3859d592ef722f4f6e6a204a8f7fb30e,sat,20-100-frag12-32_sat.cnf.xz,4446.92,1493.96,1272.15,639.31,563.42,timeout,755.02,1931.57,1703.07
3a81b9d45f7bdbe5fec702d1f1aa5c12,unsat,MVD_ADS_S3_5_5.cnf.xz,1867.39,2.14,1.92,3014.97,3081.25,839.05,2904.99,13.99,242.73
3aef3d8d02941ba7ddb18adc128259ae,sat,php12e12.cnf.xz,1578.39,timeout,925.60,1117.33,844.21,timeout,924.60,timeout,4338.32
3b784f7f6fab6c024647a18855f6edaf,unsat,spg_300_301.cnf.xz,95.82,81.61,334.99,176.08,153.05,183.08,169.44,112.18,1253.89
3bdc1cbc7fde3c8f1ca958dc82a75b72,sat,puzzle39_sat.cnf.xz,timeout,1112.31,348.55,timeout,timeout,timeout,timeout,358.31,380.37
3c15c8fb5153b9d758a9eb16c66adc5d,sat,WS_500_16_70_10.apx_0.cnf.xz,178.10,200.04,49.17,102.17,108.16,memout,88.19,126.09,36.49
3cff772a004fbdf616a65ec099ec7bd5,sat,b2005-p1-12x12c10h7-Ser4-0.cnf.xz,timeout,timeout,timeout,timeout,timeout,timeout,timeout,timeout,timeout
3d8792b5f559f33ea583a09c33f683b1,sat,puzzle34_sat.cnf.xz,timeout,112.12,239.67,2674.00,1772.90,timeout,729.79,452.99,112.00
3dbec93f8c175baca8de46833656c7bf,sat,puzzle36_sat.cnf.xz,3953.45,329.16,524.12,timeout,timeout,timeout,timeout,1999.92,304.77
3dd4302478db90092c889a6db40ada5c,sat,sum_of_3_cubes_42_bits_96.cnf.xz,134.31,13.16,2332.60,1063.87,320.77,timeout,22.72,117.62,891.73
3e40fa8f358f7cd6fa72f3826d2cc74d,unsat,quad_res_r28_m29.cnf.xz,timeout,timeout,timeout,1917.59,timeout,timeout,2253.98,timeout,timeout
3e484a82136768ef3f36517dfdb509d6,unknown,Mycielski-10-hints-5.cnf.xz,timeout,timeout,timeout,timeout,timeout,timeout,timeout,timeout,timeout
3f9fdded562e5b47d8b3dbcf4271a6ce,unsat,Mycielski-10-hints-7.cnf.xz,timeout,timeout,timeout,4593.49,timeout,timeout,4421.57,timeout,timeout
4106867bc76b8794330a205cf8a303ad,unsat,bvsub_19952.smt2.cnf.xz,2821.77,1224.94,788.56,407.04,417.92,908.04,458.56,4216.00,1376.30
41d15591fed06eb2e4e2f9ace5de25e9,unsat,ktf_TF-4.tf_4_0.04_35.cnf.xz,944.38,1190.24,405.27,177.53,251.54,1071.76,204.77,1357.84,779.14
430ba56a847b87445b66b9df28f14d05,sat,20-100-lambda100-14_sat.cnf.xz,73.51,43.22,72.75,24.72,24.75,memout,30.77,97.66,76.29
4513c58c16e72a34f9f8518db7baeb9e,unsat,ktf_TF-3.tf_3_0.02_24.cnf.xz,77.31,128.13,37.71,28.57,37.56,86.36,34.58,93.43,60.11
453e2197c9226f8c99b3a740c7711723,unsat,crafted_n12_d6_c3_num18.cnf.xz,433.95,204.12,43.39,180.12,216.26,174.96,193.43,297.98,60.63
462664d89a909e25001e8861f3310210,sat,20-100-frag12-14_sat.cnf.xz,138.98,71.50,73.56,46.68,49.69,memout,48.76,192.39,94.65
47752d6f7fca7e1caae7aa0d0138c067,sat,pb_300_06_lb_02.cnf.xz,147.31,44.53,184.25,48.66,12.76,memout,32.53,121.64,122.73
47daef729bd4001c2b485b68a4c2ccb7,sat,mp1-Nb7T44.cnf.xz,timeout,2.21,67.19,timeout,timeout,timeout,timeout,45.64,timeout
4a6268945652964c9b86b7c15425c0fe,unsat,spg_330_400.cnf.xz,250.02,85.35,348.93,144.73,153.80,1289.67,194.20,304.40,2921.81
4a669e0b7acaad9901925292aa5aeccd,unknown,143.smt2.cnf.xz,timeout,timeout,timeout,timeout,timeout,timeout,timeout,timeout,timeout
4a6a4f1f6c0d5adc639e823d1516ace5,unsat,at-least-two-traffic_f_unknown.cnf.xz,118.84,210.55,85.44,37.25,37.28,172.31,40.66,130.60,158.13
4b65652b89a4cf69d9aaeba0aff08ffe,unsat,at-least-two-aaai10-planning-ipc5-pathways-17-step20.cnf.xz,192.89,150.70,96.78,79.19,113.57,248.98,112.11,173.66,160.94
4ba2c1aa580b6497df6baf5e7e2c87be,sat,at-least-two-vmpc_28.cnf.xz,54.42,221.21,196.85,31.55,38.58,memout,29.58,74.16,26.69
4bed9fdbef6375a8c390006131d4e29c,sat,sum_of_3_cubes_51_bits_80.cnf.xz,timeout,69.24,timeout,timeout,timeout,timeout,3592.15,85.55,2245.25
4c6e57f5552d546278e192b6e332635a,sat,SE_PR_WS_500_16_70_10.apx_0.cnf.xz,687.31,133.04,216.21,145.18,105.16,memout,170.20,151.42,34.18
4d4cdde9fb75604e036fa38b786e5e5c,sat,b2005-p2-12x12c10h7-Ser7-0.cnf.xz,timeout,timeout,timeout,timeout,timeout,timeout,timeout,timeout,timeout
4ef35e8c7b387e8c2fff1f552a04e3a2,unsat,LABS_n068_goal001.cnf.xz,1564.21,1162.54,535.38,271.92,619.12,1273.63,307.05,1000.68,445.78
4fe36c662bbfba878bdc49f70bec1ead,unsat,vlsat2_44_545.cnf.xz,timeout,1365.54,2624.59,2056.44,2281.46,2547.33,1587.08,timeout,1678.74
50468d740d0d9cd69c43e4122014d60e,sat,sted6_0x1e3-97.cnf.xz,25.13,8.05,37.31,35.23,25.21,memout,40.11,173.10,123.72
50d081a4b18eecdd0bc120f634d57a26,sat,randomG-n18-d05.cnf.xz,timeout,timeout,0.67,timeout,timeout,timeout,timeout,timeout,0.19
51925dbfcd5534b312265098fd439b12,unsat,bvsdiv_19.smt2.cnf.xz,673.62,878.25,131.19,129.97,166.98,798.74,130.55,729.89,961.66
519ec7e2da48149991957836b84dda06,unsat,crafted_n11_d6_c4_num14.cnf.xz,790.84,596.97,97.59,258.69,319.15,410.67,278.57,397.69,118.74
51d9e3f41c95dfe6e1b73a525b8784be,sat,sted2_0x0-343.cnf.xz,127.39,142.18,137.39,176.55,180.53,memout,160.59,200.22,583.32
52d591859e2047fa6c804d6424c55c74,unsat,satch2ways16.cnf.xz,4822.03,1739.27,3018.75,1748.61,3205.74,1904.55,1160.11,timeout,1691.33
52d6e2f25ada36c0b802f544b084a140,unsat,20-100-lambda100-89_unsat.cnf.xz,332.51,331.28,167.22,105.79,92.79,394.14,138.90,242.94,275.32
53c21f3e78f060883026b5a12ba691d8,sat,maximum_constrained_partition_14_bits_n200.cnf.xz,8.33,3.14,13.09,6.68,9.72,memout,13.68,39.03,130.68
54abc3873dfe2570d3f5b7d3b712fa85,unsat,14pipe_q0_k.cnf.xz,1093.89,516.85,501.35,419.94,489.74,1066.30,492.75,1196.28,637.35
557d7d4db5399188f62bc39598c6d868,sat,mp1-Nb7T46.cnf.xz,2.60,1.22,79.97,9.14,timeout,timeout,timeout,35.18,timeout
5584cc467c09d0cab489238275c2b92e,sat,sp5-21-15-one-stri-tree-noid.cnf.xz,99.15,7.05,11.68,7.24,8.24,memout,21.34,50.62,86.55
5593b61a1be6e0598236534041e71e74,unsat,spg_420_350.cnf.xz,82.22,54.38,43.23,124.87,135.25,226.02,145.54,124.22,30.32
564a68fffd2affabc1586d24a07b6c16,unsat,Mycielski-11-hints-2.cnf.xz,313.01,445.80,390.04,237.66,220.31,253.60,281.06,147.87,599.72
5696ebc151f271257ba3a98782667932,unsat,string_compare_safety_cbmc_unwinding_780.cnf.xz,2651.98,937.39,1032.38,501.71,507.41,3031.29,637.87,2100.91,2895.83
57ed70b2b94469babf71c5ee4290800e,sat,edit_distance025_448.cnf.xz,timeout,3049.57,2268.78,timeout,timeout,timeout,4379.22,161.00,2051.27
587ac25d93492c61eebb72cb258ba173,unsat,mp1-blockpuzzle_5x10_s5_free3.cnf.xz,40.56,89.18,16.49,21.61,19.60,66.88,26.60,54.55,61.38
58c58e6d9e00166bbeb845cd8d1f7ea8,sat,b2005-p4-14x14c17h9-Ser8-0.cnf.xz,timeout,timeout,timeout,timeout,timeout,timeout,timeout,memout,timeout
594129eb92220cd847e7073b03840458,unsat,9dlx_vliw_at_b_iq5.cnf.xz,340.63,144.68,123.50,87.46,97.53,237.79,102.83,383.04,82.03
5952b9f18b73dabb531c60e3ac85d26f,unsat,ctl_4291_567_9_unsat.cnf.xz,257.52,544.26,49.93,59.65,56.65,200.94,66.55,277.06,139.25
59753830b55e81ed5e8a59609fdd4305,sat,b2005-p5-12x12c10h7-Ser5-0.cnf.xz,timeout,timeout,timeout,timeout,timeout,timeout,timeout,timeout,timeout
5a7042323ef6e8a5c06845289e668def,sat,sted1_0x0-637.cnf.xz,382.89,869.45,220.90,219.19,234.18,memout,198.92,214.92,359.51
5a9ce84a8725164c40c90d2eb420bad9,sat,sted5_0x0_n90-157.cnf.xz,63.27,268.13,50.95,59.38,158.41,memout,87.42,342.79,426.74
5b4b384351127c913bd3941bc63f790f,unknown,quad_res_r35_m36.cnf.xz,timeout,timeout,timeout,timeout,timeout,timeout,timeout,timeout,timeout
5bc585c5aaba7f9f8faae4cfd1e6b5e8,sat,sted4_0x0_n159-185.cnf.xz,339.30,5.10,137.52,148.47,128.44,memout,119.46,476.57,458.12
5c34b6844ed6a3fc57dccfc414af2851,unsat,SC21_Timetable_C_136_E_36_Cl_9_S_15.cnf.xz,timeout,timeout,timeout,timeout,timeout,timeout,timeout,timeout,timeout
5cd4201889cc2a8764ee86def29d8ffa,sat,UCG-20-10p1-sc2009.cnf.xz,313.96,269.50,126.51,118.47,133.32,memout,113.41,467.58,195.95
5e933a625099cc1ec6a8299a7848a2ae,sat,Kakuro-easy-112-ext.xml.hg_7.cnf.xz,339.78,69.96,470.34,184.60,268.45,memout,248.06,459.72,394.53
5ea9d54e4eb8eeab1ff058471b9c83ca,sat,sp4-33-one-nons-flat-noid.cnf.xz,20.09,1.01,4.67,11.15,9.15,memout,3.14,28.03,20.28
5ee05ef0bcb42cb12bd698978c05178c,unsat,mp1-bsat201-707.cnf.xz,43.04,588.14,50.91,52.13,42.12,73.78,50.46,926.63,213.48
5f0edef6cc45f7e7157c4b3dee4cb88a,unsat,string_compare_safety_cbmc_unwinding_630.cnf.xz,1532.30,627.88,684.05,360.77,344.32,1739.04,430.37,966.76,1780.82
5f46b414cc65b2e992e59f49d1f02be1,unsat,satch2ways12wu.cnf.xz,40.16,7.05,8.50,12.28,14.29,79.72,16.94,26.57,18.76
5fb0d1f02c02c6a7fb485707b637d7e4,unsat,bvsub_12973.smt2.cnf.xz,1117.81,366.21,401.88,202.17,206.14,timeout,218.32,2107.31,674.35
603a2d6f8962be577c6609e70296b8ee,unsat,string_compare_safety_cbmc_unwinding_940.cnf.xz,3662.72,1214.52,1296.73,683.24,675.42,4592.36,747.75,3085.56,timeout
606bd8b9c178c8445d8c3fc413d46885,unsat,mp1-klieber2017s-1000-024-eq.cnf.xz,174.15,68.04,38.70,47.21,95.21,1012.76,memout,112.54,242.53
60e3c2ba930b94c6b300ceeaf0ea5831,sat,20-100-frag12-0_sat.cnf.xz,214.25,277.57,324.27,60.79,93.89,memout,134.50,214.94,310.75
613be3fce8fa3e517d10e292f0a2542d,unsat,string_compare_safety_cbmc_unwinding_690.cnf.xz,1831.82,738.18,844.29,399.96,437.46,2320.71,510.04,1855.57,2128.26
6221b4044bdfe3bf23f4c3390852767c,unsat,mp1-klieber2017s-1000-023-eq.cnf.xz,210.17,165.06,76.94,78.23,102.22,908.62,68.65,254.04,312.78
62269a9d08e3592f3fd7e2c8af1e3fe9,unsat,pb_300_10_lb_06.cnf.xz,60.25,28.49,19.99,38.45,32.49,141.66,42.99,69.78,19.56
62608c18d84e69d2b71f0048f6cb80be,sat,ex045_7.cnf.xz,1412.84,237.16,1329.11,303.12,374.24,memout,245.45,915.22,2864.15
65138afdf7eb054be5131f2b0de84369,unsat,satch2ways12u.cnf.xz,41.16,7.05,9.48,14.31,16.30,43.25,16.92,26.96,18.02
6598c721af124c67457841260ea66462,unsat,MVD_ADS_S7_6_6.cnf.xz,1047.23,2.01,2.52,4393.68,4640.81,1218.97,5561.88,11.13,490.95
65a5bf7228eb1d89159bc7aa431931b9,unsat,puzzle44_unsat.cnf.xz,timeout,2270.52,2163.36,timeout,timeout,timeout,timeout,3866.34,timeout
65ff91568676064c74212779c46f6943,unsat,rphp4_080_shuffled.cnf.xz,376.30,1060.23,86.18,149.21,145.20,674.52,143.23,timeout,1892.49
66ab346df72c5effa292342037bc3909,unsat,snw_13_8_pre.cnf.xz,803.41,2179.86,229.49,150.05,209.08,686.56,175.30,504.92,305.26
67133027ab55906e3b757148ca7011dd,sat,snw_16_9_Encpre.cnf.xz,timeout,919.61,timeout,1664.85,timeout,timeout,4926.03,3117.66,5323.46
67527c9e506ffa65596f017547164a49,unsat,dist10.c.cnf.xz,79.26,71.08,23.51,29.41,39.40,123.18,35.67,91.24,133.79
67df7bd97e841395a4c75281423986cf,sat,ktf_TF-6.tf_4_0.06_77.cnf.xz,309.42,25.12,26.71,timeout,1138.82,timeout,1339.77,40.89,71.18
68cd50e5bfe00ca94867aa0dcf44055c,unsat,satch2ways15wu.cnf.xz,852.34,316.10,558.36,245.38,1016.46,timeout,223.58,1501.14,1242.82
68dc114bb8e479d8cc81faed8b2fceb5,sat,Kakuro-easy-156-ext.xml.hg_7.cnf.xz,296.72,137.28,392.90,230.82,225.49,memout,231.33,447.71,569.23
6928072ce36429a1c094d89d333488a6,sat,erin2_0x0-379.cnf.xz,50.22,89.09,134.98,19.32,68.33,memout,20.41,53.85,129.20
69b0601bae0398d5a96942f725708fc3,unsat,20-100-p100-55_unsat.cnf.xz,2406.72,2086.41,732.80,295.83,657.71,2568.38,459.87,1624.87,602.61
6a3cc897a1b02977a34988536d887280,sat,sted12a_0x1e1-67.cnf.xz,31.08,179.07,149.38,767.34,2796.53,timeout,1245.39,349.15,42.44
6b1d903a4f4178e0b3bb7dc2c8a98be6,unsat,puzzle37_unsat.cnf.xz,timeout,702.22,597.71,timeout,timeout,timeout,timeout,323.58,267.19
6b4c426e44beb04af5cfe1c84a6390fb,sat,Circuit_multiplier33.cnf.xz,45.12,24.06,6.47,15.19,11.19,memout,17.21,53.90,38.54
6b6dd0a8429c4ac10d5a662f8d3fed95,sat,HCP-446-60.cnf.xz,739.73,47.28,281.92,231.15,149.16,memout,302.60,445.90,700.10
6c34b7032712e16b08d97a0449d610e2,sat,puzzle30_sat.cnf.xz,1276.45,69.11,120.94,469.63,976.69,memout,486.59,191.94,133.66
6d2916a0453dcc757ce187fe29c863aa,unsat,blocks-blocks-37-1.120-NOTKNOWN.cnf.xz,208.66,77.06,41.88,49.45,53.42,96.96,54.47,151.39,38.64
6e297bdb1c3f957f6333c37804805ecb,unsat,spg_200_301.cnf.xz,60.28,23.51,22.22,59.09,65.19,761.23,75.40,62.15,30.98
6fbed10d0ff5bea497d26c08ad2f8009,sat,scc_1213_40_10_3.apx_0.cnf.xz,337.42,18.80,8.21,373.09,383.10,memout,375.42,246.60,16.06
7029fb4ec7af44f5962539a33e55645e,unsat,bvsub_08985.smt2.cnf.xz,505.07,249.86,222.90,112.50,116.55,timeout,132.88,969.46,328.52
7042dbc5432e4d78f81ec4041e10a387,sat,mp1-blockpuzzle_9x9_s1_free8.cnf.xz,360.14,66.68,46.74,680.57,348.52,timeout,687.39,71.76,35.81
7083b70c1976162e2693d7a493717ffd,sat,battleship-14-26-sat.cnf.xz,208.18,1.01,0.88,206.17,171.16,memout,8.16,12.64,timeout
70903c09156674cc1b0c35794cfe3d06,unsat,20-100-lambda100-14_unsat.cnf.xz,51.46,65.22,49.32,17.70,16.71,55.18,23.75,65.64,61.72
715f24a25c666b1a4c9991b16b880ea6,sat,HCP-506-60.cnf.xz,270.70,33.28,294.16,105.14,902.48,memout,474.37,125.13,4388.37
71f0b3190b8b37d31e4e800e749336da,unknown,quad_res_r34_m36.cnf.xz,timeout,timeout,timeout,timeout,timeout,timeout,timeout,timeout,timeout
747955bb7addf0fb6fe4d465a9cbd035,unsat,randomG-B-Mix-n15-d05.cnf.xz,16.03,71.02,6.89,10.11,10.11,23.50,11.13,33.13,52.74
74acaa627ddc5fdab40d62172f56a827,unsat,snw_13_8_pre-sc2016.cnf.xz,873.30,2108.90,245.16,161.16,204.19,730.58,175.34,545.37,332.35
772102b16ea3acaf7b516714b146b6ca,unsat,13pipe_k.cnf.xz,1294.84,785.22,670.88,509.00,488.77,1131.96,574.81,1797.42,1011.89
77a0ff05f77e03cfe3261b41143edaa3,unsat,dist4.c.cnf.xz,68.20,68.08,23.51,29.41,37.41,115.09,32.58,97.83,112.82
77b103479539a71c9fe27ac5333eea89,unsat,huck.col.11.cnf.xz,18.05,2.01,0.67,11.13,12.12,23.80,memout,44.92,0.20
7853e2d2e64015f2aa08678e5c43a339,sat,vlsat2_702_14170.cnf.xz,625.25,16.95,11.62,timeout,timeout,timeout,timeout,318.99,28.68
78b4757f584ac49ad29c072fc02fabb2,sat,ktf_TF-1.tf_4_0.06_101.cnf.xz,3266.41,5.17,195.65,timeout,1961.17,timeout,2792.36,23.51,464.63
790152d13323c14a7a1f0759ae3b5c28,unsat,mp1-bsat210-739.cnf.xz,65.05,3320.42,370.29,77.15,56.12,201.06,68.64,timeout,1652.93
79c0df739ce3d7895fc546a69dca4f3e,sat,pb_300_05_lb_16.cnf.xz,77.37,41.52,21.92,39.80,62.85,memout,67.77,216.48,105.09
79d2eae74f2b790d821578d9b7f675c0,unsat,Mycielski-10-hints-6.cnf.xz,timeout,timeout,timeout,timeout,timeout,timeout,timeout,timeout,timeout
7a044c997ede14d00002f1db39d45170,sat,sum_of_3_cubes_37_bits_87.cnf.xz,57.30,162.18,224.77,239.70,94.68,memout,66.10,261.00,357.20
7ad04c4bd69b985c6568ecb0e49e0c59,sat,ktf_TF-8.tf_4_0.06_109.cnf.xz,324.62,47.20,264.32,timeout,timeout,timeout,timeout,48.94,239.65
7adc1ade3384505af00ff8f7be23f5bd,sat,ex175_20.cnf.xz,343.15,137.34,524.17,192.63,167.06,memout,203.87,589.04,1306.85
7c701181500b379f02aa3e050d6f5144,unsat,MVD_ADS_S6_6_6.cnf.xz,1081.23,2.01,4.30,2833.65,2374.51,908.50,3421.91,14.48,484.75
7df8389c5b329a2e118a50a94c254e7d,sat,blocks-blocks-36-0.180-SAT.cnf.xz,265.64,69.14,80.05,58.02,66.70,memout,58.98,329.45,468.46
7e36c51e4ba07b5d291864732d105a36,unsat,Mycielski-10-hints-9.cnf.xz,timeout,timeout,timeout,1315.50,4107.71,timeout,1412.62,5088.79,timeout
7eb9c20f8abef093eeb2bcd69e709b95,unsat,string_compare_safety_cbmc_unwinding_600.cnf.xz,1184.24,628.41,611.44,349.14,353.83,1597.68,409.36,1464.30,1525.93
7ecf9c45c29d706fd0020fbf177e6809,unsat,Mycielski-10-hints-10.cnf.xz,54.93,73.84,43.77,31.46,33.48,51.70,34.48,30.62,94.39
7efdf72de31fa82aeceb7acbc29a59bf,sat,vlsat2_113_1150.cnf.xz,33.89,1.65,2.89,33.69,30.65,memout,520.22,23.54,23.09
7f3b49026cf0ec9d2d76b0d9b2c61f8e,sat,HCP-424-60.cnf.xz,695.02,153.30,230.88,205.04,175.13,memout,273.22,267.82,846.90
81392be4e5fc7aa2232c1f460321e0c6,unsat,string_compare_safety_cbmc_unwinding_680.cnf.xz,1793.57,656.99,759.58,415.63,417.43,2273.49,484.19,1631.61,1993.97
8175dacde2d6517a91c1912847a34006,sat,IBM_FV_2004_rule_batch_30_SAT_dat.k75.cnf.xz,76.28,84.59,266.24,68.38,48.31,memout,65.43,260.56,195.77
81bced94e5f672f0bb0bab7dd298d11c,sat,toughsat_factoring_895s.cnf.xz,17.07,37.03,72.75,37.18,7.15,memout,4.81,16.81,140.26
8226a866770c4e3da127e54ca0dbd496,sat,SC21_Timetable_C_466_E_62_Cl_31_S_30.cnf.xz,201.22,118.13,timeout,238.31,251.19,memout,264.62,182.49,timeout
82468689404a6a420a2947500c7c4787,sat,Circuit_multiplier36.cnf.xz,410.19,891.19,190.25,246.28,437.30,timeout,181.31,1282.86,242.68
82c08db7bcd7fabf2b08e8f10937af3e,unsat,bvsmod_18.smt2.cnf.xz,2734.63,2052.41,695.58,362.04,883.09,4541.60,395.14,timeout,3251.90
82cad197a0b7919f1f51ec51f7267e6f,unsat,ex095_8.cnf.xz,timeout,4589.20,2765.82,1403.09,2295.09,timeout,1729.71,5147.66,3597.19
8390dca257561c53bf4eb6e158a2285f,sat,mp1-klieber2017s-0490-024-t12.cnf.xz,63.34,31.10,16.49,13.61,24.61,memout,6.64,78.99,35.70
85088d2b8de94d088631498f619c1bd6,sat,sum_of_3_cubes_52_bits_39.cnf.xz,timeout,timeout,timeout,3254.64,2891.47,timeout,timeout,timeout,timeout
85ba26d796de9ad740ce5a6813488fbc,sat,sted2_0x1e3-216.cnf.xz,92.34,49.13,58.73,103.44,111.42,memout,78.63,286.61,1719.79
86173292a2c6a506acf27a81db853bb5,sat,ktf_TF-7.tf_3_0.06_113.cnf.xz,117.66,1.25,46.11,108.43,99.46,memout,28.87,28.94,51.89
86f1d4b3e7609f8a9ce8ac2a0a7aaa96,sat,size_5_5_5_i223_r12.cnf.xz,317.25,17.03,50.94,67.20,146.22,timeout,570.34,42.34,385.80
872d022f6406e00933b831ffd05e26a0,sat,b2005-p4-12x12c10h7-Ser3-0.cnf.xz,timeout,timeout,timeout,timeout,timeout,timeout,timeout,timeout,0.00
872eecaa7109fe1e31a510c903e9f877,unsat,ak128paralparalisc.cnf.xz,4581.85,timeout,656.72,3302.04,1930.36,timeout,2937.09,timeout,362.60
8833e4051c5a45aa3d704469f9f20908,unsat,MVD_ADS_S10_6_6.cnf.xz,442.12,1.63,1.90,978.06,1110.08,434.71,1794.62,7.40,157.81
887e8caf9138890d880c6f7f70474994,unsat,at-least-two-sokoban-sequential-p145-microban-sequential.030-NOTKNOWN.cnf.xz,167.40,198.50,65.81,27.34,31.52,111.17,40.94,112.84,60.94
889f6aa7fd1664a350683f3de5f6a647,sat,sp5-21-15-bin-stri-flat-noid.cnf.xz,17.12,7.04,26.11,2.21,17.24,memout,3.22,29.47,17.52
88a3bb7820b1ca7f189765bb1208f34a,sat,HCP-470-420.cnf.xz,2161.31,691.54,319.55,838.75,673.73,timeout,905.83,886.09,854.32
8932cf87c4dfe7aeab8b3ca55eebee64,unsat,MVD_ADS_S5_6_6.cnf.xz,578.02,1.90,3.68,1688.21,2204.20,716.45,2295.16,11.94,343.50
89656622f153983b0415cef2aadaadee,sat,sp5-26-19-una-nons-tree-noid.cnf.xz,1805.42,415.13,42.93,981.53,422.43,memout,396.48,308.81,634.48
89a3094a7829d3b9564944beaa931645,unsat,spg_200_300.cnf.xz,54.84,49.03,352.71,71.39,86.41,468.30,96.52,111.59,865.74
89b778a6b654bd3107b4fc10b3a0fdee,sat,stb_531_83.apx_0.cnf.xz,95.09,3.02,3.68,35.17,50.16,memout,4.66,98.00,35.99
8aa8fac9f1e094ea4c30a40450c04c3a,unsat,sokoban-p16.sas.ex.19-sc2016.cnf.xz,3849.32,timeout,timeout,2583.25,2701.90,timeout,2478.05,timeout,timeout
8ab56bb3b674e4afae5a61b2bf3a747a,unsat,satch2ways15.cnf.xz,626.38,307.11,529.61,191.38,297.39,4201.19,346.07,733.48,559.00
8b505c40281af4d91b4fe7ccd717be9a,unsat,spg_400_281.cnf.xz,79.02,40.57,74.87,111.27,143.49,864.75,143.18,116.33,114.60
8ba338c1cc39e717d6dd4f2bdbc3fb83,unsat,at-least-two-hwmcc10-timeframe-expansion-k50-pdtviseisenberg2-tseitin.cnf.xz,157.92,96.19,181.23,133.95,134.24,232.24,147.15,183.06,166.77
8bf857909f1117a9e29a4788bf77d485,unsat,ctl_4291_567_11_unsat.cnf.xz,1251.78,timeout,543.20,370.72,363.70,1366.58,memout,937.98,817.21
8d0d8d3bf320c710d2691ff31032dc01,unknown,sum_of_3_cubes_145_bits_74.cnf.xz,timeout,timeout,timeout,timeout,timeout,timeout,timeout,timeout,timeout
8e27e1a8a840eb474fe3f07108bcf4c5,unknown,SC21_Timetable_C_181_E_34_Cl_12_S_4.cnf.xz,timeout,timeout,timeout,timeout,timeout,timeout,timeout,timeout,timeout
90fda6e7338d52aeb796636fde412daf,unsat,battleship-12-12-unsat.cnf.xz,38.05,157.03,16.51,27.12,29.11,52.94,27.35,98.55,57.88
912b89dd471295d3c72c66d0192dff72,sat,randomG-B-Mix-n18-d05.cnf.xz,timeout,timeout,2541.33,2966.62,2030.32,timeout,2078.42,timeout,timeout
916e8027cafecc698ed5404a005bc69f,sat,SC21_Timetable_C_557_E_73_Cl_37_S_35.cnf.xz,242.88,521.71,timeout,512.25,657.56,memout,573.49,278.13,timeout
91e0db01b254eb78f6643328045bfeb9,sat,sted5_0x1e3-20.cnf.xz,timeout,timeout,timeout,timeout,timeout,timeout,timeout,5381.03,timeout
942f082cc964537c8a03a8a926ea6c4a,unsat,crafted_n12_d6_c4_num17.cnf.xz,441.20,202.40,64.84,315.59,297.36,306.57,338.38,396.91,90.97
951a20a37a23488001f3aa2fa53e6baa,unsat,randomG-n16-d05.cnf.xz,57.05,1259.13,0.66,53.13,53.12,138.23,55.15,316.76,0.18
9754fc1acf450ee2ed2083a211cfa487,sat,stb_792_333.apx_0.cnf.xz,14.08,205.05,8.29,148.19,90.18,memout,126.02,20.14,37.69
977dad9d1bfc9de725a4bbf65b407c77,sat,MVD_ADS_S11_6_7.cnf.xz,640.02,1.75,1.91,2320.60,2640.54,memout,2936.49,8.60,558.84
97f2d368a05228364b444ce71c1a5a24,sat,sp5-21-15-una-stri-flat-noid.cnf.xz,22.11,24.04,17.30,8.22,34.23,memout,6.24,12.72,131.62
9862d27fe2528635f363e0f7645b2c53,sat,Circuit_multiplier53.cnf.xz,timeout,4456.65,2544.11,3266.75,timeout,timeout,timeout,3126.01,memout
99ec9d5e50f24301638101b2a7dba6e0,unknown,sum_of_3_cubes_76_bits_84.cnf.xz,timeout,timeout,timeout,timeout,timeout,timeout,timeout,timeout,timeout
99f78e77c6b2198f95424cee8234557d,sat,toughsat_factoring_426s.cnf.xz,27.07,19.03,31.72,29.17,58.18,memout,18.60,21.29,29.41
9a296539e33398c9ae36663371a63b39,sat,randomG-Mix-n17-d05.cnf.xz,500.21,timeout,314.28,260.18,271.17,1179.82,278.50,timeout,1154.46
9a910a91c04c8626904f860e09aa74a3,unsat,mp1-klieber2017s-2000-022-eq.cnf.xz,412.29,542.12,87.76,82.31,124.30,608.54,93.32,708.53,467.91
9b81119141db098dd4bfb24a1d244e68,unsat,Kakuro-easy-051-ext.xml.hg_4.cnf.xz,798.54,1076.70,757.46,195.00,247.81,604.29,245.90,627.87,757.61
9bd299393602718a39efb1dd62fbe1a3,sat,UR-20-5p1.cnf.xz,152.19,12.04,100.66,81.20,82.07,memout,98.35,193.44,103.94
9c2e734d6c0faeef8a89aa84436fc42d,unknown,satch2ways19u.cnf.xz,timeout,timeout,timeout,timeout,timeout,timeout,timeout,timeout,timeout
9c4892c9ac4e9f5d83d33b5210e7af4e,unsat,MVD_ADS_S6_6_5.cnf.xz,76.44,1.34,1.07,74.89,76.90,102.06,88.03,4.25,16.36
9ccbe08418189ca1e7ee284564359d4d,sat,LABS_n089_goal008.cnf.xz,721.56,49.17,659.48,95.41,73.55,timeout,69.28,789.80,1725.61
9da32436de386f3b4f8e6ec1db552349,sat,HCP-529-420.cnf.xz,48.92,62.39,1072.38,89.61,timeout,timeout,104.68,142.64,4593.76
9dd246543ae101f829b5cfc226473675,sat,vlsat2_29736_3780419.dimacs.cnf.xz,341.78,5.23,3.40,timeout,19358.83,memout,1713.48,85.07,7.27
9e35558ea8ffba630cd8c8f90e14af14,unsat,string_compare_safety_cbmc_unwinding_730.cnf.xz,2509.63,925.40,787.32,453.74,473.76,2525.22,543.88,2005.63,2292.05
9e469bffc3f862d6321d84a4ef83969c,sat,edit_distance019_312.cnf.xz,timeout,409.15,timeout,timeout,timeout,timeout,timeout,1546.59,timeout
9ea8deb8313d93e60743638909f37d6c,sat,Circuit_multiplier29.cnf.xz,292.23,234.09,1028.17,224.28,702.35,timeout,164.24,738.76,600.08
9ef9243ff051b32795890fccd6c3f6b2,sat,sum_of_3_cubes_50_bits_91.cnf.xz,1369.85,1.20,16.68,1517.26,1033.19,timeout,1142.46,39.91,39.91
a03f5d0ac480bfab4b9415ba77c0354c,sat,b2005-p2-14x14c17h9-Ser6-0.cnf.xz,timeout,timeout,timeout,timeout,timeout,timeout,timeout,timeout,timeout
a04892664f2c13d2c191eb87ddc5405b,sat,sted3_0x0_n201-239.cnf.xz,350.47,120.16,336.74,170.64,189.63,memout,146.67,542.00,668.43
a0585897e79756b9624673592d13ee06,unsat,spg_200_317.cnf.xz,192.87,79.35,304.61,107.38,109.44,5487.25,105.38,71.23,98.09
a1ec978756e656638b7e34cef5ecaf6d,unsat,quad_res_r26_m27.cnf.xz,4836.48,timeout,4999.24,596.35,1532.45,timeout,624.82,4469.51,timeout
a25ab09df5485a3d91089a08def4921e,sat,b2005-p3-12x12c10h7-Ser7-0.cnf.xz,timeout,timeout,timeout,timeout,timeout,timeout,timeout,timeout,timeout
a3d7585b12914a97d9c11d65897194b9,unsat,20-100-lambda100-47_unsat.cnf.xz,289.69,292.26,196.65,83.74,88.77,332.97,108.79,306.31,229.61
a3eaa99154b0f1668f8593264e6e304d,sat,MVD_ADS_S11_8_7.cnf.xz,1130.16,1.78,1.49,2572.68,2340.83,memout,2839.57,9.09,556.80
a45d7a611305683a8db8c385ac7cee31,unsat,vlsat2_11_26.cnf.xz,4739.65,timeout,2388.41,2973.60,1728.37,timeout,2505.38,timeout,3867.13
a4aa9ccc565c5cde0cfb5dfd9f4deaf4,sat,Kakuro-easy-127-ext.xml.hg_7.cnf.xz,349.90,59.50,618.03,312.11,311.50,memout,338.25,779.05,663.26
a517589810ff3ef5308a694957939bea,unsat,spg_200_321.cnf.xz,69.03,37.59,37.85,59.88,66.98,143.80,71.11,200.10,28.71
a7aac5c83f236fd8b3de3275e3f5499d,unsat,edit_distance041_183.cnf.xz,116.91,168.42,41.13,28.32,23.28,102.04,39.88,95.36,47.84
a7dc4646f1472f466a2c33340eb24bd5,unsat,sokoban-p20.sas.ex.13.cnf.xz,1119.17,2795.69,1049.45,678.03,714.13,1612.85,864.79,3938.65,936.92
a899e769ba329f5f952a38973adc0262,unsat,satch2ways13wu.cnf.xz,77.18,18.05,21.49,32.30,52.30,390.34,38.11,63.44,42.09
a8b6af92314b321b3614ded2da24b2dd,sat,ecarev-110-4099-22-30-4.cnf.xz,177.00,358.88,669.60,122.35,113.36,memout,132.41,630.74,1270.48
a8c50e130aa5eb28d4b66b205a9d718a,unsat,mp1-blockpuzzle_9x9_s5_free3.cnf.xz,83.71,95.63,37.13,30.31,37.36,42.85,50.70,37.18,605.84
a8c6f24ce9bc4ae6953763a82835e2d4,unknown,quad_res_r31_m35.cnf.xz,timeout,timeout,timeout,timeout,timeout,timeout,timeout,timeout,timeout
a97d498dd69d346aad64f3809b5ff160,unknown,quad_res_r32_m35.cnf.xz,timeout,timeout,timeout,timeout,timeout,timeout,timeout,timeout,timeout
a9c0f64594a3eaede246b31eb3bc839b,unsat,mp1-Nb6T06.cnf.xz,17.11,14.03,9.66,10.18,13.18,34.31,12.58,27.79,46.50
aa09403249f021450cc798cc560a14a3,sat,prime_a20_b20.cnf.xz,9.11,7.04,2.88,12.24,15.24,memout,8.25,14.35,37.62
aa1061e9becd2894b95cac19ea1ca72a,unsat,test_v7_r12_vr1_c1_s10576.smt2.cnf.xz,140.85,196.72,336.43,123.02,150.36,169.92,145.80,331.74,261.44
aa296db0e5a58249734a370ef5eee0cd,unsat,at-least-two-traffic_pcb_unknown.cnf.xz,110.84,195.55,119.68,35.30,37.49,180.37,45.69,153.13,95.79
aa6994af851710b3d1f485e87ba99f84,unsat,Nb51T6.cnf.xz,2090.78,3561.41,708.87,662.91,840.08,1414.42,828.44,timeout,1552.72
aad5bbe8920c5afc84068bb1da27ee8f,sat,LABS_n041_goal003.cnf.xz,30.34,11.11,18.09,54.68,92.70,memout,69.06,348.28,59.79
ac3e3bb744e258282990aa4307c08cb8,unsat,E00X23.cnf.xz,1629.41,2849.08,806.62,806.36,1182.20,1253.83,1095.97,458.82,1098.23
ac6256657058fe65dc7ddaf773ab83bf,sat,SC21_Timetable_C_527_E_71_Cl_35_S_35.cnf.xz,199.87,106.54,timeout,71.48,82.90,memout,77.98,166.02,799.59
ac909ca2e27006f71389b6afa605f4be,sat,randomG-B-Mix-n19-d05.cnf.xz,timeout,timeout,timeout,timeout,timeout,timeout,timeout,timeout,timeout
ae172b720ce980b1ec5337bfd7d5a8ff,sat,LABS_n072_goal006.cnf.xz,285.60,62.48,1263.37,650.59,308.49,memout,145.73,553.30,1234.32
ae17bcd042e6140aa72a2cd9f4c42b9c,sat,vlsat2_37758_5364539.dimacs.cnf.xz,254.71,4.17,4.40,129.83,154.84,memout,timeout,97.02,10.88
af0b8f58d67dcf639232ac978defe6e3,sat,sted1_0x1e3-393.cnf.xz,701.82,109.25,1850.54,175.97,313.97,memout,203.35,1530.23,3516.69
afaee41956622725cf3bb98db6ff9bbb,unknown,SC21_Timetable_C_241_E_34_Cl_16_S_13.cnf.xz,timeout,timeout,timeout,timeout,timeout,timeout,timeout,timeout,timeout
b023ea0eb9adbd9182c01d7e2d443289,unsat,mp1-tri_ali_s11_c35_bail_UNS.cnf.xz,19.04,87.04,14.48,11.12,11.12,27.05,memout,33.32,134.45
b1770a04ee8e33b42f589e31da819ad5,unsat,bvsmod_19.smt2.cnf.xz,timeout,4460.69,2598.59,675.11,1961.22,timeout,803.13,timeout,5253.70
b2c92aebc75da8a15a5388b559b85623,unsat,sp4-33-una-stri-flat-noid.cnf.xz,74.08,172.06,19.49,32.15,31.14,95.69,39.48,135.46,75.40
b3cf73d0383f781adf09a2192fa03a15,unsat,string_compare_safety_cbmc_unwinding_670.cnf.xz,1971.53,674.59,818.15,394.30,408.90,2034.19,498.10,1666.06,1942.04
b5028686db9bd1073fa09cbd8c805f47,unsat,spg_200_316.cnf.xz,106.86,43.83,1010.44,72.08,78.14,175.65,80.15,189.88,1917.20
b51ebbe57d4077a5fa43018ff3920588,sat,20-100-frag12-53_sat.cnf.xz,392.35,117.57,174.18,45.93,53.90,memout,99.30,169.82,151.50
b5c3e33e90f4c95502754c7e2e92a6d2,unsat,randomG-B-Mix-n16-d05.cnf.xz,43.04,1855.23,43.14,36.12,35.12,114.84,34.14,176.22,292.15
b63f00e3eccd98dfa7bae6c4e1e0cdd0,sat,at-least-two-maris-s03-gripper11.cnf.xz,24.20,913.18,52.13,7.33,6.36,memout,11.84,61.20,52.87
b655faa69774192a80d9e2a2bc602ce4,sat,Kakuro-easy-115-ext.xml.hg_5.cnf.xz,335.34,93.75,257.73,259.11,322.12,memout,355.38,562.42,732.70
b72179b73f013a009f4bb68c4bf31c8b,sat,Kakuro-easy-104-ext.xml.hg_6.cnf.xz,193.18,41.19,153.12,128.64,152.14,memout,162.70,327.28,287.65
b83b05e814486aaedb19da69fb35ece1,unsat,satch2ways14u.cnf.xz,470.37,625.14,127.80,95.35,87.34,747.07,115.37,707.24,308.26
b88d206fb35ef87bd7ec5d4a1430ae0c,sat,20-100-p100-55_sat.cnf.xz,1099.28,538.20,808.54,144.78,177.83,memout,428.22,502.35,784.50
b8debf719be5558b319002cc9c2faf18,unsat,barman-pfile10-040.sas.ex.15.cnf.xz,timeout,53.38,31.92,timeout,timeout,timeout,timeout,194.28,40.36
b9ed6fd14f4fc969ec966a4b54c36872,sat,n320p5q2_n.apx_16.cnf.xz,22.21,4.04,2.87,2.22,2.21,memout,7.76,44.91,9.64
ba5451cace1bb09e2d36b9f34c19146e,unsat,ctl_4291_567_6_unsat_pre.cnf.xz,3578.08,timeout,1725.60,862.74,776.69,3689.95,794.71,1821.22,2458.69
bc5b6fdc1a75e144e42d68c0fba444ad,unknown,SC21_Timetable_C_181_E_34_Cl_12_S_8.cnf.xz,timeout,timeout,timeout,timeout,timeout,timeout,timeout,timeout,timeout
bcb2104a3558d87ac3b2107c10d54648,unsat,mp1-blockpuzzle_5x12_s6_free3.cnf.xz,83.76,286.31,56.36,56.96,76.96,168.00,63.05,96.10,306.59
bcc62a99a3251d2ffbab83d65f8252a5,unsat,crafted_n12_d6_c3_num28.cnf.xz,384.01,226.13,47.19,139.97,172.00,218.55,155.80,343.63,56.48
bd294be907fd8ca6cbc3f4648bfdc6cd,unsat,MVD_ADS_S9_6_6.cnf.xz,561.21,3.06,2.52,1923.43,2019.54,724.29,2178.37,13.33,344.27
bd9c3ce8c75df3a94eda414514ac5b3a,sat,php14e14.cnf.xz,timeout,timeout,timeout,timeout,timeout,timeout,timeout,timeout,timeout
bdc4dfc5ebf0274dcb18dd236773fcfa,sat,sum_of_3_cubes_94_bits_30.cnf.xz,timeout,timeout,timeout,timeout,timeout,timeout,timeout,timeout,timeout
be6bce96bab9cec47b58b6c68c9a1c89,unsat,9dlx_vliw_at_b_iq8.cnf.xz,1414.34,650.74,387.90,303.01,426.94,2068.57,407.06,1682.81,347.52
be6c656f34ba9ada4bb10a2182a6fa88,unsat,vlsat2_142_6781.cnf.xz,4265.21,timeout,timeout,1375.28,2875.69,timeout,930.31,timeout,4728.76
bf423e868f17d482233adb880abfb92a,sat,sp5-26-19-bin-stri-flat-noid.cnf.xz,549.38,197.09,285.46,282.35,113.30,timeout,367.58,146.30,1808.48
bf86868ef6662a4984e5d5504b01193e,unsat,string_compare_safety_cbmc_unwinding_930.cnf.xz,3785.03,1077.21,1265.44,646.99,639.28,4221.06,795.57,2846.22,4013.92
c07b76b106bb3c412377bc2564b93022,sat,Sz512_15128_1.smt2.cnf.xz,205.24,86.07,196.44,66.36,170.37,memout,103.40,207.12,782.48
c08b00ee4667b900f38c60ea521be6e7,unknown,ktf_TF-3.tf_4_0.04_48.cnf.xz,timeout,timeout,timeout,timeout,timeout,timeout,timeout,timeout,timeout
c0c075a8f79bc59293c30651afc71b33,sat,edit_distance025_449.cnf.xz,timeout,3147.61,timeout,1223.82,2273.91,timeout,2059.57,271.99,timeout
c1484d43c95d76184dbe50ac5fc98854,unknown,satch2ways17w.cnf.xz,timeout,timeout,timeout,timeout,timeout,timeout,timeout,timeout,timeout
c1c25b65adbd9fdde56cd489ab557e71,unsat,spg_300_312.cnf.xz,64.57,41.33,427.88,95.22,99.19,262.36,104.80,116.98,46.51
c3d8096db125f4bade48cfd0dcf441f3,sat,SE_PR_stb_531_83.apx_1.cnf.xz,26.09,3.02,7.47,70.18,75.17,memout,68.35,141.48,156.74
c401fc09cf0d3fb666cd80dd38f9757d,unsat,Mycielski-11-hints-1.cnf.xz,370.07,443.79,407.94,272.48,251.34,329.42,277.64,132.12,596.74
c41c74f316a2067cc19708ce982d960a,unsat,WS_400_16_90_70.apx_0.cnf.xz,32.06,155.04,12.50,23.14,22.14,53.23,memout,62.95,49.91
c502ef60c01f7ce1f3fb241b08253e81,unsat,barman-pfile10-039.sas.ex.15.cnf.xz,timeout,52.12,32.79,timeout,timeout,timeout,timeout,199.00,40.50
c50dd1b0f41a1adcdfed8d663add9428,sat,20-100-lambda100-65_sat.cnf.xz,48.53,12.25,60.54,30.87,22.86,memout,19.89,50.38,115.18
c52ad9f8fec393a1f4b421aa14af75d3,unsat,at-least-two-vmpc_26.cnf.xz,31.39,420.21,68.95,20.42,18.41,47.21,19.70,67.15,147.57
c5905895a64fbbfb8a60b18bf77b7054,unknown,puzzle60_sat.cnf.xz,timeout,timeout,timeout,timeout,timeout,timeout,timeout,timeout,timeout
c5ae0ec49de0959cd14431ce851c14f8,sat,Circuit_multiplier22.cnf.xz,76.14,57.05,25.30,20.18,92.22,memout,14.13,244.12,208.16
c689bbf889022255138ab00f59a545b1,sat,b2005-p5-14x14c17h9-Ser5-0.cnf.xz,timeout,timeout,timeout,timeout,timeout,timeout,timeout,timeout,timeout
c79f5efa4fdcf594b4169106d04b3e86,unsat,LABS_n069_goal001.cnf.xz,1866.33,1515.60,569.21,299.12,672.09,1628.31,358.52,1207.35,657.18
c7a473fd916048e8d98f012294074328,sat,edit_distance023_283.cnf.xz,292.41,482.25,269.08,106.55,117.55,memout,105.34,219.80,391.30
c7cd1be9f812c99e94827cb361d693fc,sat,b2005-p1-14x14c17h9-Ser3-0.cnf.xz,timeout,timeout,timeout,timeout,timeout,timeout,timeout,timeout,timeout
c879ee8f60ca65a013da7774277e489e,sat,randomG-n19-d05.cnf.xz,timeout,timeout,0.67,timeout,timeout,timeout,timeout,timeout,0.15
c8cff3ad0f176e153b5073725fed1bd1,unsat,ndhf_xits_09_UNSAT.cnf.xz,3019.51,timeout,919.66,872.57,1049.54,timeout,723.90,timeout,1789.66
c9aeaebe08aa8abf73a800decfbc01b3,unsat,ctl_4291_567_1_unsat.cnf.xz,410.48,1119.34,105.00,88.64,96.65,342.81,100.13,332.64,321.19
cab122ecb0ca8f09d0e53eb81ac4bcf9,sat,erin2_0x0_n207-379.cnf.xz,36.35,57.14,192.65,32.66,100.65,memout,95.70,122.04,359.42
cac3197a79f7b0166f8a22367b86c02a,sat,sp5-21-15-una-nons-tree-noid.cnf.xz,67.19,7.05,51.12,28.29,22.29,memout,3.26,81.89,374.91
cc4ca544efe70ed7942a110b7e89dfd5,sat,HCP-526-420.cnf.xz,52.95,42.38,556.91,72.64,3533.82,timeout,145.46,100.76,911.30
cc5c7c695cbb6f78c1af80b3e5471db3,unsat,ak016modbtsimpbisc.cnf.xz,347.17,737.13,962.87,90.24,89.23,1110.58,110.28,231.59,timeout
cc813d033d2b735cf872a7568eacda24,sat,ecarev-110-1031-23-40-8.cnf.xz,217.72,279.42,1314.26,314.40,234.35,memout,289.41,1679.42,1765.46
cd60db7535dddb69068778af69e6a267,sat,edit_distance035_393.cnf.xz,2360.23,821.48,607.33,162.19,307.25,timeout,404.27,128.26,2345.34
cdf559a186b55457ce49516ec323e907,unsat,at-least-two-traffic_kkb_unknown.cnf.xz,121.75,208.46,95.40,40.04,40.09,104.41,42.59,111.85,165.64
ceed053b7c2e91dd761169faba1a5193,unsat,puzzle35_unsat.cnf.xz,792.42,144.14,105.00,1555.86,3274.06,timeout,2380.91,134.89,75.66
cf5f4eb714cab56ce430af77d26e1a6e,unsat,MVD_ADS_S10_5_6.cnf.xz,645.84,1.62,1.58,886.96,1100.05,425.20,1803.48,8.18,160.12
cfc5b08fa24149afb9a67426dbe871e9,unsat,WS_500_32_30_10.apx_0.cnf.xz,73.14,1196.16,53.72,57.18,54.17,116.43,64.01,171.47,218.91
d0c760534508b543718285a3faad7ba9,sat,Circuit_multiplier35.cnf.xz,94.13,32.05,16.89,43.21,126.23,memout,71.95,70.41,100.34
d21b66364fecc9fc7aabbbb981274612,sat,HCP-526-105.cnf.xz,1144.39,27.32,425.63,516.44,394.44,timeout,135.44,68.50,1781.75
d2528d707d36e76d0230ed6918c97345,sat,sted5_0x1e3-120.cnf.xz,21.14,8.05,75.56,24.22,58.24,memout,12.69,346.01,145.67
d2ec1de194269f98dff6608ff097d031,sat,vlsat2_111_1186.cnf.xz,28.93,1.72,1.37,9.61,9.60,memout,8.56,21.10,1.87
d328c11941d27fcabc1688663bdc64ea,sat,erin2_0x1e3-216.cnf.xz,541.36,273.11,1459.78,177.37,248.35,memout,234.98,672.40,3804.08
d32d87afa368dcdcc2dfef18573e39f4,unsat,E02F17.cnf.xz,24.25,12.09,9.50,7.30,6.30,13.45,memout,14.15,25.31
d42c9f674dcabd62a43c0d4b9b495c2a,sat,sted1_0x0-380.cnf.xz,timeout,timeout,timeout,timeout,timeout,timeout,timeout,timeout,timeout
d4a914e3e257179e39ec493a7d7b1140,sat,ktf_TF-4.tf_4_0.06_52.cnf.xz,2845.48,24.09,2273.77,260.60,1794.75,timeout,2362.38,61.91,timeout
d5325d628ea6ed001c5a99971b58deae,unknown,uum32.smt2.cnf.xz,timeout,timeout,timeout,timeout,timeout,timeout,timeout,timeout,timeout
d5453d6d31f33a310ce34ee4bcfcbe50,sat,prime_a24_b24.cnf.xz,79.16,122.08,13.29,60.31,26.29,memout,15.61,138.77,719.95
d646d69fe2f66663f380a6d742bbb38a,unsat,string_compare_safety_cbmc_unwinding_800.cnf.xz,2776.28,1087.91,929.71,517.63,495.41,3497.06,604.79,2307.16,3287.36
d765837689ffb1173943095f2fc42b96,unsat,Kakuro-easy-045-ext.xml.hg_4.cnf.xz,4431.10,timeout,2785.89,589.75,994.86,4179.31,1043.02,3367.34,3190.64
d7b38c8ead74ae705aa60b8771debda1,unsat,maxor128.cnf.xz,4195.58,1813.90,644.76,942.64,1222.56,4516.73,1192.31,1360.99,563.13
dbbd977e78d2e6a9d2d83c5077597591,sat,Kakuro-easy-118-ext.xml.hg_4.cnf.xz,246.14,178.03,579.49,232.86,217.16,memout,314.64,604.82,579.48
dc3854d1f6db34fa97596ac30204627c,unknown,ktf_TF-1.tf_3_0.02_34.cnf.xz,timeout,timeout,timeout,timeout,timeout,timeout,timeout,timeout,timeout
ddb3decfe4a53709806d60535bbb3de8,unsat,n320p5q2_n.apx_17.cnf.xz,52.23,235.09,11.09,18.26,19.25,52.72,20.27,85.70,28.54
df4aa7724f377245d82486ada37910de,unknown,SC21_Timetable_C_140_E_32_Cl_30_S_10.cnf.xz,timeout,timeout,timeout,timeout,timeout,timeout,timeout,timeout,timeout
df6aa71659ddda7143b6e2e72d7d4675,unknown,problem_12.smt2.cnf.xz,timeout,timeout,timeout,timeout,timeout,timeout,timeout,timeout,timeout
e02cc08183436cf370b565fbf365f3fe,sat,Circuit_multiplier26.cnf.xz,322.23,14.04,348.88,429.30,165.24,timeout,357.05,1681.92,2195.29
e0617083b92213c14131866cfee57dfb,unsat,vlsat2_11_42.cnf.xz,4030.99,1841.28,2916.41,995.35,1521.36,938.53,799.34,timeout,2622.92
e353e7a4a49333e69e21ce21289f3983,sat,quad_res_r21_m22.cnf.xz,14.07,36.04,3.07,26.18,15.17,memout,27.74,15.22,19.14
e4058a36518bf65fac7b0b866f139235,unsat,sp4-33-one-stri-tree-noid.cnf.xz,86.09,336.07,51.72,45.17,42.16,81.45,40.95,79.92,119.20
e4d1892db27b721b88e5ee7e5987649f,unknown,quad_res_r33_m36.cnf.xz,timeout,timeout,timeout,timeout,timeout,timeout,timeout,timeout,timeout
e59a9e69ce2967effc10fb6905609079,unsat,51.smt2.cnf.xz,43.70,81.28,60.55,20.54,72.62,295.65,24.40,44.00,211.37
e63a6f6ad7432b630996b02f842066f7,sat,b2005-p1-12x12c10h7-Ser5-0.cnf.xz,timeout,timeout,timeout,timeout,timeout,timeout,timeout,timeout,timeout
e6510ed99dc7c4549ac41772305d004b,sat,sp5-21-15-one-nons-tree-noid.cnf.xz,29.17,21.05,68.94,26.30,29.30,memout,13.88,47.59,377.00
e6ebcf156dfca54a7881190a14a330fa,sat,Kakuro-easy-150-ext.xml.hg_9.cnf.xz,372.36,121.48,348.03,248.75,299.25,memout,310.68,715.78,532.57
e6f6a122f3988097a98995bfb7e1d1bb,unsat,mp1-klieber2017s-1200-022-eq.cnf.xz,314.19,450.09,56.71,74.25,109.24,487.81,memout,718.83,254.47
e724ce11027976e35cfb8ca6881d741b,sat,Sz1024_34824.smt2.cnf.xz,260.37,189.14,2043.74,504.83,1555.98,timeout,367.87,2598.99,timeout
e7736f693835ebec4ced74ad3c146e81,unsat,WS_300_24_90_10.apx_0.cnf.xz,25.07,91.04,8.47,14.14,15.13,38.00,16.84,43.82,35.22
e8209cd050c81226a57e93a0a83220d4,unsat,string_compare_safety_cbmc_unwinding_700.cnf.xz,1996.76,691.30,819.76,412.61,453.49,2461.57,517.70,1781.02,1902.39
e823071e58960a155122139ab4d0f44a,unsat,vlsat2_51_824.cnf.xz,timeout,1831.76,timeout,1601.98,3511.23,1587.38,506.23,timeout,timeout
e8408d02568ac7214d2d4cad6d59e9bf,unsat,vlsat2_144_7585.cnf.xz,4022.02,1884.75,4698.62,1087.59,2498.97,2153.90,1110.58,timeout,1588.94
e8c79a0ee6be39b6b2211c9a527c192a,sat,randomG-n20-d05.cnf.xz,timeout,timeout,0.66,timeout,timeout,timeout,timeout,timeout,0.17
e9674dde824d0e269ad80b9659b1b431,sat,HCP-446-420.cnf.xz,1603.18,891.51,510.26,552.60,473.60,memout,758.50,1220.80,967.48
e9bd4a210195e83cf64cae1aaf5a36a0,sat,size_5_5_5_i251_r12.cnf.xz,749.34,9.03,123.77,210.23,303.25,timeout,31.24,113.73,1120.12
eb09e5484eaf494d6c1abe60c5b38b7e,sat,sp5-26-19-bin-nons-tree-noid.cnf.xz,231.24,30.06,2229.34,905.50,45.33,timeout,86.36,169.72,2223.92
eb92c7c6b92379e55b91bc764632d65e,unsat,crafted_n10_d6_c4_num15.cnf.xz,341.51,155.32,46.01,233.73,208.08,171.83,211.63,295.83,73.56
ecd91912911f079da6b66ee6afd8e716,unsat,crafted_n10_d6_c4_num21.cnf.xz,328.01,191.72,45.39,260.60,219.86,725.21,305.76,288.97,65.53
eda4aa84aeeb306468396fa82a6bba5a,sat,pb_300_05_lb_17.cnf.xz,49.33,35.53,54.54,66.82,57.86,memout,58.16,157.96,73.87
ee3d0bbbe59d1d3d1a087df411d44626,unknown,sum_of_3_cubes_87_bits_75.cnf.xz,timeout,timeout,timeout,timeout,timeout,timeout,timeout,timeout,timeout
ef4508038f0220f285640f4f9f1da640,unknown,satch2ways18u.cnf.xz,timeout,timeout,timeout,timeout,timeout,timeout,timeout,timeout,timeout
ef64bc4d3c2505574e067eb50b48ffd4,sat,HCP-522-105.cnf.xz,timeout,54.33,4099.71,150.28,153.32,timeout,128.58,85.76,1439.38
ef673597d33e9c4952ac883ceb96cbab,unsat,k2fix_gr_rcs_w8.shuffled.cnf.xz,17.59,2.21,166.37,161.78,225.77,14.10,212.80,42.30,647.51
effa19cc18a6c3faca19761028bb0a0e,unknown,SC21_Timetable_C_121_E_34_Cl_8_S_4.cnf.xz,timeout,timeout,timeout,timeout,timeout,timeout,timeout,timeout,timeout
f157df1208c06caaa5cf11371704b87b,unsat,edit_distance041_182.cnf.xz,106.92,207.43,38.53,26.27,26.26,90.22,37.45,94.35,54.15
f293dc11e842227dd1a49fe1571bcb8b,unsat,mp1-tri_ali_s11_c35_abix_UNS.cnf.xz,20.04,73.03,17.49,10.13,11.12,21.12,12.55,29.52,97.25
f4a15cbf0cc8bc993e29f82e7d8e9563,sat,HCP-529-60.cnf.xz,250.68,37.29,425.73,780.43,744.55,memout,147.28,116.81,2633.73
f51d3940d97c1019081744d94bf08778,unsat,MVD_ADS_S4_5_5.cnf.xz,735.54,2.01,1.70,1865.41,1905.39,689.83,2118.35,10.78,198.28
f746dae2050dd4aa48bcd53e8bd897b4,sat,ex065_25.cnf.xz,1742.62,100.38,3868.95,1932.21,413.96,timeout,358.96,46.64,timeout
fab5698f06861b62c881c77630fbcd4d,sat,Kakuro-easy-142-ext.xml.hg_8.cnf.xz,290.78,240.29,2726.77,192.64,423.92,memout,383.20,765.27,1690.72
faea4b579b0010b32f001ac4b5b9415a,unsat,rphp4_090_shuffled.cnf.xz,1321.38,1739.29,153.03,275.25,271.23,1830.08,263.27,timeout,2957.50
fb621b2b4a54ec0f01ac36daaa7f0f5b,sat,HCP-470-105.cnf.xz,1447.13,647.45,765.39,558.38,490.38,memout,649.26,2418.72,1550.83
fdfd5975c57d7cd2264ef6aff6cb4815,sat,SE_PR_stb_588_138.apx_1.cnf.xz,102.09,1.02,6.88,106.18,74.16,memout,126.20,110.41,312.35
ff4b033c2a2da4100f0b1e83c49c5f80,sat,Circuit_multiplier25.cnf.xz,281.17,1605.29,103.58,3658.85,timeout,timeout,2382.10,1170.04,143.95
